--
-- PostgreSQL database dump
--

SET statement_timeout = 0;
SET lock_timeout = 0;
SET client_encoding = 'UTF8';
SET standard_conforming_strings = on;
SET check_function_bodies = false;
SET client_min_messages = warning;

SET search_path = public, pg_catalog;

--
-- Data for Name: tags; Type: TABLE DATA; Schema: public; Owner: thomas
--

COPY tags (id, tag, created_at, updated_at) FROM stdin;
3cfdae0b-a4f1-491e-8a7e-f0df8f40b662	master	2014-12-06 09:52:18.937297	2014-12-06 09:52:18.937297
160cf532-e76a-4242-aaa2-98040ffc5597	wip	2014-12-06 09:52:18.965545	2014-12-06 09:52:18.965545
c141051d-fc3b-4a0f-8116-7724a6890278	cider-ci-bash-demo-project	2014-12-06 09:52:18.97635	2014-12-06 09:52:18.97635
e2fe8eeb-8e85-4ac4-9463-9ad296a50ddf	adam	2014-12-06 09:52:18.989208	2014-12-06 09:52:18.989208
\.


--
-- Data for Name: branch_update_triggers_tags; Type: TABLE DATA; Schema: public; Owner: thomas
--

COPY branch_update_triggers_tags (branch_update_trigger_id, tag_id) FROM stdin;
\.


--
-- Data for Name: commits; Type: TABLE DATA; Schema: public; Owner: thomas
--

COPY commits (id, tree_id, depth, author_name, author_email, author_date, committer_name, committer_email, committer_date, subject, body, created_at, updated_at) FROM stdin;
784eeca579678b9fabef4d740561659a18bf9957	93f92758e79f3c6a89bed5cc55f0d3bf1dd2ae96	3	Thomas Schank	DrTom@schank.ch	2014-07-13 17:02:54	Thomas Schank	DrTom@schank.ch	2014-07-13 17:02:54	Create a task with an attachment, reference new cider-ci project page		2014-12-06 10:47:34.711002	2014-12-06 10:47:34.711002
e274a4e7b0d4acfbb508326b9bd96604d397e8b2	94c377d339b778045ebf535a65ff80dc21f52ac7	2	Thomas Schank	DrTom@schank.ch	2014-05-16 09:35:50	Thomas Schank	DrTom@schank.ch	2014-05-16 09:35:50	Add task which shows the declared functions by `declare -F`		2014-12-06 10:47:34.711002	2014-12-06 10:47:34.711002
55c34541b10d0c0675f850798cf85545588c9600	3b25f6c24f651d9ef514c7c283b5e4b3861f18a2	1	Thomas Schank	DrTom@schank.ch	2014-05-15 10:19:45	Thomas Schank	DrTom@schank.ch	2014-05-15 10:19:45	Release		2014-12-06 10:47:34.711002	2014-12-06 10:47:34.711002
17e3b7a85158d4abe698244b071ac4a4a1816eee	2fdbf4c7bdbae98c60c19d6441ed94359327309d	0	Thomas Schank	DrTom@schank.ch	2014-05-04 12:06:20	Thomas Schank	DrTom@schank.ch	2014-05-04 12:09:26	Initial commit		2014-12-06 10:47:34.711002	2014-12-06 10:47:34.711002
ca53680106c317051139bc12ff2a8e69b74d7f69	0d2f32b31baa40d99eff2fe91aadcf3dc0aaba93	4	Thomas Schank	DrTom@schank.ch	2014-10-16 22:42:14	Thomas Schank	DrTom@schank.ch	2014-10-31 22:29:34	Update for Cider-CI v2		2014-12-06 10:47:34.711002	2014-12-06 10:47:34.711002
deb872acf4ab6bc323ccdfe89f42ce1617255ca2	b8c74ebd9260b1a2928767625946b937011a03b6	5	Thomas Schank	DrTom@schank.ch	2014-12-30 22:08:02	Thomas Schank	DrTom@schank.ch	2014-12-30 22:11:15	Add task to demonstrate the new result feature		2015-01-05 07:46:52.907186	2015-01-05 07:46:52.907186
\.


--
-- Data for Name: repositories; Type: TABLE DATA; Schema: public; Owner: thomas
--

COPY repositories (id, origin_uri, name, importance, git_fetch_and_update_interval, git_update_interval, transient_properties_id, created_at, updated_at, public_view_permission) FROM stdin;
f182ec87-591a-58bc-b08e-7e83679a4b68	https://github.com/cider-ci/cider-ci_demo-project-bash.git	Cider-CI Bash Demo Project	0	60	\N	98f57ff0-b98b-4ccc-a519-563c8e0abe0d	2014-12-06 09:36:29.85513	2015-01-05 06:52:22.295821	t
\.


--
-- Data for Name: branches; Type: TABLE DATA; Schema: public; Owner: thomas
--

COPY branches (id, repository_id, name, current_commit_id, created_at, updated_at) FROM stdin;
a8392de4-abfc-458c-b324-251cc73f65e3	f182ec87-591a-58bc-b08e-7e83679a4b68	master	deb872acf4ab6bc323ccdfe89f42ce1617255ca2	2014-12-06 10:47:34.711002	2015-01-05 07:46:52.907186
d844ae3d-36d7-478b-a9fb-a246c7d05828	f182ec87-591a-58bc-b08e-7e83679a4b68	wip	deb872acf4ab6bc323ccdfe89f42ce1617255ca2	2014-12-06 10:47:34.711002	2015-01-05 07:46:52.907186
\.


--
-- Data for Name: branches_commits; Type: TABLE DATA; Schema: public; Owner: thomas
--

COPY branches_commits (branch_id, commit_id) FROM stdin;
a8392de4-abfc-458c-b324-251cc73f65e3	e274a4e7b0d4acfbb508326b9bd96604d397e8b2
a8392de4-abfc-458c-b324-251cc73f65e3	ca53680106c317051139bc12ff2a8e69b74d7f69
a8392de4-abfc-458c-b324-251cc73f65e3	55c34541b10d0c0675f850798cf85545588c9600
a8392de4-abfc-458c-b324-251cc73f65e3	17e3b7a85158d4abe698244b071ac4a4a1816eee
a8392de4-abfc-458c-b324-251cc73f65e3	784eeca579678b9fabef4d740561659a18bf9957
d844ae3d-36d7-478b-a9fb-a246c7d05828	784eeca579678b9fabef4d740561659a18bf9957
d844ae3d-36d7-478b-a9fb-a246c7d05828	17e3b7a85158d4abe698244b071ac4a4a1816eee
d844ae3d-36d7-478b-a9fb-a246c7d05828	55c34541b10d0c0675f850798cf85545588c9600
d844ae3d-36d7-478b-a9fb-a246c7d05828	ca53680106c317051139bc12ff2a8e69b74d7f69
d844ae3d-36d7-478b-a9fb-a246c7d05828	e274a4e7b0d4acfbb508326b9bd96604d397e8b2
a8392de4-abfc-458c-b324-251cc73f65e3	deb872acf4ab6bc323ccdfe89f42ce1617255ca2
d844ae3d-36d7-478b-a9fb-a246c7d05828	deb872acf4ab6bc323ccdfe89f42ce1617255ca2
\.


--
-- Data for Name: commit_arcs; Type: TABLE DATA; Schema: public; Owner: thomas
--

COPY commit_arcs (parent_id, child_id) FROM stdin;
784eeca579678b9fabef4d740561659a18bf9957	ca53680106c317051139bc12ff2a8e69b74d7f69
e274a4e7b0d4acfbb508326b9bd96604d397e8b2	784eeca579678b9fabef4d740561659a18bf9957
55c34541b10d0c0675f850798cf85545588c9600	e274a4e7b0d4acfbb508326b9bd96604d397e8b2
17e3b7a85158d4abe698244b071ac4a4a1816eee	55c34541b10d0c0675f850798cf85545588c9600
ca53680106c317051139bc12ff2a8e69b74d7f69	deb872acf4ab6bc323ccdfe89f42ce1617255ca2
\.


--
-- Data for Name: definitions; Type: TABLE DATA; Schema: public; Owner: thomas
--

COPY definitions (name, description, specification_id, is_default) FROM stdin;
Tests	Loads the specification from the repository path 'cider-ci/test_spec.yml'.	e6337aa0-1f98-55d4-8fab-c9a77a26a8b1	t
Show info	Information about project, machine and os	af356abd-1cbe-5494-ba1e-8ac8967420f7	f
\.


--
-- Data for Name: users; Type: TABLE DATA; Schema: public; Owner: thomas
--

COPY users (id, password_digest, login, login_downcased, last_name, first_name, is_admin, created_at, updated_at) FROM stdin;
fbdf898e-938d-4880-9d05-b2879c0d3f8b	$2a$10$seXfpQPR7o3wQdtApXb6O.9B8R11kKcviJENmgycoeJQHqEEJxp1m	adam	adam	Admin	Adam	t	2014-12-06 09:51:56.139482	2014-12-06 09:51:56.139482
1a569437-402a-496d-a84a-4564e710e4c5	$2a$10$NQXQzqsYtSm4Tc1bPPhBpuWHvStAhy.iPkxcwdgGbJwceoc2mbI.2	normin	normin	Normalo	Normin	f	2014-12-16 12:51:23.215937	2014-12-16 12:51:23.215937
\.


--
-- Data for Name: email_addresses; Type: TABLE DATA; Schema: public; Owner: thomas
--

COPY email_addresses (user_id, email_address, searchable, "primary") FROM stdin;
\.


--
-- Data for Name: specifications; Type: TABLE DATA; Schema: public; Owner: thomas
--

COPY specifications (id, data) FROM stdin;
e6337aa0-1f98-55d4-8fab-c9a77a26a8b1	{"_cider-ci_include": "cider-ci/test_spec.yml"}
af356abd-1cbe-5494-ba1e-8ac8967420f7	{"name": "Show info", "tasks": [{"name": "Hello", "scripts": {"main": {"body": "echo 'Hello World!'"}}}], "subcontexts": [{"name": "Machine properties", "tasks": [{"name": "Kernel", "scripts": {"main": {"body": "uname -r"}}}, {"name": "CPU", "scripts": {"main": {"body": "cat /proc/cpuinfo"}}}, {"name": "Memory", "scripts": {"main": {"body": "cat /proc/meminfo"}}}]}, {"name": "Operating System", "tasks": [{"name": "LSB", "scripts": {"main": {"body": "lsb_release -a"}}}]}, {"name": "Project", "tasks": [{"name": "List files", "scripts": {"main": {"body": "ls -lah"}}}, {"name": "Deep listing", "scripts": {"main": {"body": "find . > list.txt"}}, "attachments": {"file_list": {"glob": "list.txt", "content-type": "text/plain"}}}, {"name": "Git log", "scripts": {"main": {"body": "git log -n 3"}}}, {"name": "Git submodule status", "scripts": {"main": {"body": "git submodule status"}}}]}], "task_defaults": {"traits": {"linux": true}, "auto_trials": 2, "eager_trials": 1}}
5711e1af-6f69-5f87-bd38-f2a53e62f37c	{"name": "Bash test demonstration for Cider-CI", "subcontexts": [{"name": "Show the environment", "tasks": [{"name": "List top level project directory", "scripts": {"main": {"body": "ls -lah"}}}, {"name": "Show environment variables", "scripts": {"main": {"body": "env | sort"}}}, {"name": "Show functions", "scripts": {"main": {"body": "declare -F | sort"}}}, {"name": "Specify an port and list env and check", "ports": {"xvnc_port": {"max": 5999, "min": 5900, "inet_address": "localhost"}}, "scripts": {"main": {"body": "env | sort"}}}]}, {"name": "Bash - Scripts", "tasks": [{"name": "Success with exactly p=1/7", "scripts": {"main": {"body": "./bin/randomly-failing"}}, "auto_trials": 10, "eager_trials": 3}, {"name": "Timeout for a randomly sleeping bash script", "scripts": {"main": {"body": "./bin/sleeping-randomly-long", "timeout": 40}}}, {"name": "Just sleeping a minute", "scripts": {"main": {"body": "sleep 60 && exit 0"}}}, {"name": "Just sleeping two minutes", "scripts": {"main": {"body": "sleep 120 && exit 0"}}}, {"name": "Just sleeping three minutes", "scripts": {"main": {"body": "sleep 180 && exit 0"}}}, {"name": "Create an log file to be attached", "scripts": {"main": {"body": "mkdir -p log && echo '[INFO] Hello World!' > log/hello.log"}}}], "task_defaults": {"tree_attachments": {"logs": {"glob": "log/*.log", "content-type": "text/plain"}}, "trial_attachments": {"logs": {"glob": "log/*.log", "content-type": "text/plain"}}, "environment_variables": {"the_answer": 42}}}], "task_defaults": {"traits": {"linux": true}, "auto_trials": 2, "eager_trials": 1}}
0e68cdb7-bddc-5065-971a-cd54e4e77f93	{"name": "Bash test demonstration for Cider-CI", "subcontexts": [{"name": "Show the environment", "tasks": [{"name": "List top level project directory", "scripts": {"main": {"body": "ls -lah"}}}, {"name": "Show environment variables", "scripts": {"main": {"body": "env | sort"}}}, {"name": "Show functions", "scripts": {"main": {"body": "declare -F | sort"}}}, {"name": "Specify an port and list env and check", "ports": {"xvnc_port": {"max": 5999, "min": 5900, "inet_address": "localhost"}}, "scripts": {"main": {"body": "env | sort"}}}]}, {"name": "Bash - Scripts", "tasks": [{"name": "Success with exactly p=1/7", "scripts": {"main": {"body": "./bin/randomly-failing"}}, "auto_trials": 10, "eager_trials": 3}, {"name": "Timeout for a randomly sleeping bash script", "scripts": {"main": {"body": "./bin/sleeping-randomly-long", "timeout": 40}}}, {"name": "Just sleeping a minute", "scripts": {"main": {"body": "sleep 60 && exit 0"}}}, {"name": "Just sleeping two minutes", "scripts": {"main": {"body": "sleep 120 && exit 0"}}}, {"name": "Just sleeping three minutes", "scripts": {"main": {"body": "sleep 180 && exit 0"}}}, {"name": "Create an log file to be attached", "scripts": {"main": {"body": "mkdir -p log && echo '[INFO] Hello World!' > log/hello.log"}}}, {"name": "Create a result file result.json to be embedded", "scripts": {"main": {"body": "./bin/create-result-json"}}}], "task_defaults": {"tree_attachments": {"logs": {"glob": "log/*.log", "content-type": "text/plain"}}, "trial_attachments": {"logs": {"glob": "log/*.log", "content-type": "text/plain"}}, "environment_variables": {"the_answer": 42}}}], "task_defaults": {"traits": {"linux": true}, "auto_trials": 2, "eager_trials": 1}}
\.


--
-- Data for Name: executions; Type: TABLE DATA; Schema: public; Owner: thomas
--

COPY executions (id, state, tree_id, name, priority, created_at, updated_at, specification_id, expanded_specification_id, result) FROM stdin;
69eedfdb-f4f9-4b6e-b8df-a023df912412	passed	0d2f32b31baa40d99eff2fe91aadcf3dc0aaba93	Tests	5	2014-12-06 09:52:18.879464	2014-12-12 20:38:36.417673	e6337aa0-1f98-55d4-8fab-c9a77a26a8b1	5711e1af-6f69-5f87-bd38-f2a53e62f37c	\N
f925e0f5-3838-4178-a465-9bb12d516968	passed	b8c74ebd9260b1a2928767625946b937011a03b6	Tests	5	2015-01-05 06:47:26.584537	2015-01-05 07:51:30.652999	e6337aa0-1f98-55d4-8fab-c9a77a26a8b1	0e68cdb7-bddc-5065-971a-cd54e4e77f93	null
\.


--
-- Data for Name: execution_issues; Type: TABLE DATA; Schema: public; Owner: thomas
--

COPY execution_issues (id, description, stacktrace, type, execution_id, created_at, updated_at) FROM stdin;
\.


--
-- Data for Name: executions_tags; Type: TABLE DATA; Schema: public; Owner: thomas
--

COPY executions_tags (execution_id, tag_id) FROM stdin;
69eedfdb-f4f9-4b6e-b8df-a023df912412	3cfdae0b-a4f1-491e-8a7e-f0df8f40b662
69eedfdb-f4f9-4b6e-b8df-a023df912412	160cf532-e76a-4242-aaa2-98040ffc5597
69eedfdb-f4f9-4b6e-b8df-a023df912412	c141051d-fc3b-4a0f-8116-7724a6890278
69eedfdb-f4f9-4b6e-b8df-a023df912412	e2fe8eeb-8e85-4ac4-9463-9ad296a50ddf
f925e0f5-3838-4178-a465-9bb12d516968	3cfdae0b-a4f1-491e-8a7e-f0df8f40b662
f925e0f5-3838-4178-a465-9bb12d516968	160cf532-e76a-4242-aaa2-98040ffc5597
f925e0f5-3838-4178-a465-9bb12d516968	c141051d-fc3b-4a0f-8116-7724a6890278
f925e0f5-3838-4178-a465-9bb12d516968	e2fe8eeb-8e85-4ac4-9463-9ad296a50ddf
\.


--
-- Data for Name: executors; Type: TABLE DATA; Schema: public; Owner: thomas
--

COPY executors (id, name, host, port, ssl, server_overwrite, server_ssl, server_host, server_port, max_load, enabled, app, app_version, traits, last_ping_at, created_at, updated_at) FROM stdin;
b2fa66b2-40c2-456c-aebc-9af0a22d24ae	Localhost	127.0.0.1	8443	t	f	t	192.168.0.1	8080	4	t	\N	\N	{chrome,firefox,imagemagick,jdk,lein,libimage-exiftool-perl,linux,mysql,nodejs,pg93,phantomjs,rbenv,ruby}	2015-01-05 07:54:15.066876	2014-12-06 09:36:29.839606	2015-01-05 07:54:15.066876
\.


--
-- Data for Name: task_specs; Type: TABLE DATA; Schema: public; Owner: thomas
--

COPY task_specs (id, data) FROM stdin;
673e5dba-c66c-5636-bf1c-058ff61abdd9	{"name": "Bash test demonstration for Cider-CI » Show the environment » List top level project directory", "traits": {"linux": true}, "scripts": {"main": {"body": "ls -lah"}}, "auto_trials": 2, "eager_trials": 1}
0f462743-d2e1-5e79-a8a3-f348a42b3d70	{"name": "Bash test demonstration for Cider-CI » Show the environment » Show environment variables", "traits": {"linux": true}, "scripts": {"main": {"body": "env | sort"}}, "auto_trials": 2, "eager_trials": 1}
7b25a5fd-fb63-5ac7-bfa4-874e075fad3a	{"name": "Bash test demonstration for Cider-CI » Show the environment » Show functions", "traits": {"linux": true}, "scripts": {"main": {"body": "declare -F | sort"}}, "auto_trials": 2, "eager_trials": 1}
b106a2d0-253e-5fe9-9228-b89c611b0719	{"name": "Bash test demonstration for Cider-CI » Show the environment » Specify an port and list env and check", "ports": {"xvnc_port": {"max": 5999, "min": 5900, "inet_address": "localhost"}}, "traits": {"linux": true}, "scripts": {"main": {"body": "env | sort"}}, "auto_trials": 2, "eager_trials": 1}
72a561ae-3fa6-5ce1-97ad-dbfde2881bc9	{"name": "Bash test demonstration for Cider-CI » Bash - Scripts » Success with exactly p=1/7", "traits": {"linux": true}, "scripts": {"main": {"body": "./bin/randomly-failing"}}, "auto_trials": 10, "eager_trials": 3, "tree_attachments": {"logs": {"glob": "log/*.log", "content-type": "text/plain"}}, "trial_attachments": {"logs": {"glob": "log/*.log", "content-type": "text/plain"}}, "environment_variables": {"the_answer": 42}}
1ed5f55d-d6c3-50ea-beff-bb89cc6dc39c	{"name": "Bash test demonstration for Cider-CI » Bash - Scripts » Timeout for a randomly sleeping bash script", "traits": {"linux": true}, "scripts": {"main": {"body": "./bin/sleeping-randomly-long", "timeout": 40}}, "auto_trials": 2, "eager_trials": 1, "tree_attachments": {"logs": {"glob": "log/*.log", "content-type": "text/plain"}}, "trial_attachments": {"logs": {"glob": "log/*.log", "content-type": "text/plain"}}, "environment_variables": {"the_answer": 42}}
1c21d687-870f-5947-8a0d-5fc00ce0c68b	{"name": "Bash test demonstration for Cider-CI » Bash - Scripts » Just sleeping a minute", "traits": {"linux": true}, "scripts": {"main": {"body": "sleep 60 && exit 0"}}, "auto_trials": 2, "eager_trials": 1, "tree_attachments": {"logs": {"glob": "log/*.log", "content-type": "text/plain"}}, "trial_attachments": {"logs": {"glob": "log/*.log", "content-type": "text/plain"}}, "environment_variables": {"the_answer": 42}}
d05f829e-b376-57fe-900a-a0e0aae0881d	{"name": "Bash test demonstration for Cider-CI » Bash - Scripts » Just sleeping two minutes", "traits": {"linux": true}, "scripts": {"main": {"body": "sleep 120 && exit 0"}}, "auto_trials": 2, "eager_trials": 1, "tree_attachments": {"logs": {"glob": "log/*.log", "content-type": "text/plain"}}, "trial_attachments": {"logs": {"glob": "log/*.log", "content-type": "text/plain"}}, "environment_variables": {"the_answer": 42}}
553eb421-7ae0-50f7-a096-b854d42cbd1e	{"name": "Bash test demonstration for Cider-CI » Bash - Scripts » Just sleeping three minutes", "traits": {"linux": true}, "scripts": {"main": {"body": "sleep 180 && exit 0"}}, "auto_trials": 2, "eager_trials": 1, "tree_attachments": {"logs": {"glob": "log/*.log", "content-type": "text/plain"}}, "trial_attachments": {"logs": {"glob": "log/*.log", "content-type": "text/plain"}}, "environment_variables": {"the_answer": 42}}
ce6b62bd-09be-5174-94c9-0016444850c6	{"name": "Bash test demonstration for Cider-CI » Bash - Scripts » Create an log file to be attached", "traits": {"linux": true}, "scripts": {"main": {"body": "mkdir -p log && echo '[INFO] Hello World!' > log/hello.log"}}, "auto_trials": 2, "eager_trials": 1, "tree_attachments": {"logs": {"glob": "log/*.log", "content-type": "text/plain"}}, "trial_attachments": {"logs": {"glob": "log/*.log", "content-type": "text/plain"}}, "environment_variables": {"the_answer": 42}}
361bd59a-fe20-5be0-913a-7dab4b3dae1e	{"name": "Bash test demonstration for Cider-CI » Show the environment » List top level project directory", "traits": {"linux": true}, "scripts": {"main": {"body": "ls -lah"}}, "auto_trials": 2, "eager_trials": 1}
3b3b43e7-0919-557e-b6a3-d17655eb18d0	{"name": "Bash test demonstration for Cider-CI » Show the environment » Show environment variables", "traits": {"linux": true}, "scripts": {"main": {"body": "env | sort"}}, "auto_trials": 2, "eager_trials": 1}
37dfbc05-d7f8-503c-b3d4-aa308e21df7c	{"name": "Bash test demonstration for Cider-CI » Show the environment » Show functions", "traits": {"linux": true}, "scripts": {"main": {"body": "declare -F | sort"}}, "auto_trials": 2, "eager_trials": 1}
bd9209e8-cd22-595b-b92f-c6541a363729	{"name": "Bash test demonstration for Cider-CI » Show the environment » Specify an port and list env and check", "ports": {"xvnc_port": {"max": 5999, "min": 5900, "inet_address": "localhost"}}, "traits": {"linux": true}, "scripts": {"main": {"body": "env | sort"}}, "auto_trials": 2, "eager_trials": 1}
6d59f73b-75f4-58c0-8f2f-51a1657c6c7a	{"name": "Bash test demonstration for Cider-CI » Bash - Scripts » Create a result file result.json to be embedded", "traits": {"linux": true}, "scripts": {"main": {"body": "./bin/create-result-json"}}, "auto_trials": 2, "eager_trials": 1, "tree_attachments": {"logs": {"glob": "log/*.log", "content-type": "text/plain"}}, "trial_attachments": {"logs": {"glob": "log/*.log", "content-type": "text/plain"}}, "environment_variables": {"the_answer": 42}}
\.


--
-- Data for Name: tasks; Type: TABLE DATA; Schema: public; Owner: thomas
--

COPY tasks (id, execution_id, state, priority, traits, name, error, created_at, updated_at, task_spec_id, result) FROM stdin;
c85afc83-2ca0-5926-b8a2-45bff2fb3dc7	69eedfdb-f4f9-4b6e-b8df-a023df912412	passed	5	{linux}	Bash test demonstration for Cider-CI » Show the environment » List top level project directory		2014-12-06 10:52:19.174654	2014-12-06 10:52:20.694355	673e5dba-c66c-5636-bf1c-058ff61abdd9	\N
689096ba-f256-58ce-808c-ca26fc6c2ddb	69eedfdb-f4f9-4b6e-b8df-a023df912412	passed	5	{linux}	Bash test demonstration for Cider-CI » Show the environment » Show functions		2014-12-06 10:52:19.220784	2014-12-06 10:52:20.694404	7b25a5fd-fb63-5ac7-bfa4-874e075fad3a	\N
e7494560-b11b-5899-bd9d-418a23dbea78	69eedfdb-f4f9-4b6e-b8df-a023df912412	passed	5	{linux}	Bash test demonstration for Cider-CI » Show the environment » Show environment variables		2014-12-06 10:52:19.199133	2014-12-06 10:52:20.781636	0f462743-d2e1-5e79-a8a3-f348a42b3d70	\N
ce13cf0a-5293-5daf-a6f6-33894451b070	69eedfdb-f4f9-4b6e-b8df-a023df912412	passed	5	{linux}	Bash test demonstration for Cider-CI » Show the environment » Specify an port and list env and check		2014-12-06 10:52:19.232664	2014-12-06 10:52:21.629225	b106a2d0-253e-5fe9-9228-b89c611b0719	\N
6c54b864-ffa9-5fe9-9735-de05e6cb6959	69eedfdb-f4f9-4b6e-b8df-a023df912412	passed	5	{linux}	Bash test demonstration for Cider-CI » Bash - Scripts » Timeout for a randomly sleeping bash script		2014-12-06 10:52:19.250298	2014-12-06 10:52:56.626012	1ed5f55d-d6c3-50ea-beff-bb89cc6dc39c	\N
0ccc6e27-d4bd-5580-9dd6-4cfe30ffc879	69eedfdb-f4f9-4b6e-b8df-a023df912412	passed	5	{linux}	Bash test demonstration for Cider-CI » Bash - Scripts » Success with exactly p=1/7		2014-12-06 10:52:19.241133	2014-12-06 10:53:21.581841	72a561ae-3fa6-5ce1-97ad-dbfde2881bc9	\N
7f2388f6-cf10-5182-ba10-a7b0fe30189f	69eedfdb-f4f9-4b6e-b8df-a023df912412	passed	5	{linux}	Bash test demonstration for Cider-CI » Bash - Scripts » Create an log file to be attached		2014-12-06 10:52:19.291228	2014-12-06 10:53:23.32963	ce6b62bd-09be-5174-94c9-0016444850c6	\N
4b826386-e3f7-5b6a-8276-8e31d6e2e798	69eedfdb-f4f9-4b6e-b8df-a023df912412	passed	5	{linux}	Bash test demonstration for Cider-CI » Bash - Scripts » Just sleeping two minutes		2014-12-06 10:52:19.267371	2014-12-06 10:54:59.07872	d05f829e-b376-57fe-900a-a0e0aae0881d	\N
8a23efaa-6116-52ad-bc62-d28f1d90858a	69eedfdb-f4f9-4b6e-b8df-a023df912412	passed	5	{linux}	Bash test demonstration for Cider-CI » Bash - Scripts » Just sleeping three minutes		2014-12-06 10:52:19.277374	2014-12-06 10:56:22.260814	553eb421-7ae0-50f7-a096-b854d42cbd1e	\N
b35642d9-b465-535b-b840-3160028f6884	69eedfdb-f4f9-4b6e-b8df-a023df912412	passed	5	{linux}	Bash test demonstration for Cider-CI » Bash - Scripts » Just sleeping a minute		2014-12-06 10:52:19.257617	2014-12-06 12:45:13.766218	1c21d687-870f-5947-8a0d-5fc00ce0c68b	\N
714b07aa-c1ac-5f81-b37f-396f3a0615c8	f925e0f5-3838-4178-a465-9bb12d516968	passed	5	{linux}	Bash test demonstration for Cider-CI » Show the environment » Show functions		2015-01-05 07:47:27.189835	2015-01-05 07:47:28.448781	37dfbc05-d7f8-503c-b3d4-aa308e21df7c	\N
46278442-8427-55c2-bfa8-7bb35f9d5376	f925e0f5-3838-4178-a465-9bb12d516968	passed	5	{linux}	Bash test demonstration for Cider-CI » Show the environment » List top level project directory		2015-01-05 07:47:27.12235	2015-01-05 07:47:28.460968	361bd59a-fe20-5be0-913a-7dab4b3dae1e	\N
1d89fdc5-2f62-5dc0-8ead-680a3d17ec70	f925e0f5-3838-4178-a465-9bb12d516968	passed	5	{linux}	Bash test demonstration for Cider-CI » Show the environment » Show environment variables		2015-01-05 07:47:27.166591	2015-01-05 07:47:28.460958	3b3b43e7-0919-557e-b6a3-d17655eb18d0	\N
99fa5657-86a9-5ac4-9ac9-3b6603584eee	f925e0f5-3838-4178-a465-9bb12d516968	passed	5	{linux}	Bash test demonstration for Cider-CI » Show the environment » Specify an port and list env and check		2015-01-05 07:47:27.209521	2015-01-05 07:47:28.550448	bd9209e8-cd22-595b-b92f-c6541a363729	\N
0c92a059-f0c2-5c41-96fc-ee129fad1e11	f925e0f5-3838-4178-a465-9bb12d516968	passed	5	{linux}	Bash test demonstration for Cider-CI » Bash - Scripts » Timeout for a randomly sleeping bash script		2015-01-05 07:47:27.234128	2015-01-05 07:48:26.499585	1ed5f55d-d6c3-50ea-beff-bb89cc6dc39c	\N
21d6d936-50f6-508f-83bc-cf13e4a548d9	f925e0f5-3838-4178-a465-9bb12d516968	passed	5	{linux}	Bash test demonstration for Cider-CI » Bash - Scripts » Success with exactly p=1/7		2015-01-05 07:47:27.222337	2015-01-05 07:48:29.433841	72a561ae-3fa6-5ce1-97ad-dbfde2881bc9	\N
70906581-f211-5792-825c-bd6b0ad1f70b	f925e0f5-3838-4178-a465-9bb12d516968	passed	5	{linux}	Bash test demonstration for Cider-CI » Bash - Scripts » Create an log file to be attached		2015-01-05 07:47:27.280847	2015-01-05 07:48:30.887109	ce6b62bd-09be-5174-94c9-0016444850c6	\N
7b72d824-5848-5c23-8514-37bc05ca3a5e	f925e0f5-3838-4178-a465-9bb12d516968	passed	5	{linux}	Bash test demonstration for Cider-CI » Bash - Scripts » Create a result file result.json to be embedded		2015-01-05 07:47:27.294511	2015-01-05 07:48:31.840022	6d59f73b-75f4-58c0-8f2f-51a1657c6c7a	{"value": 0.5889767143772698, "summary": "58.90%"}
c6072f86-e476-5772-9f4e-dce0a48075e1	f925e0f5-3838-4178-a465-9bb12d516968	passed	5	{linux}	Bash test demonstration for Cider-CI » Bash - Scripts » Just sleeping a minute		2015-01-05 07:47:27.245602	2015-01-05 07:49:27.570681	1c21d687-870f-5947-8a0d-5fc00ce0c68b	\N
5a5ffd9d-3d91-543d-884b-b7630e063a81	f925e0f5-3838-4178-a465-9bb12d516968	passed	5	{linux}	Bash test demonstration for Cider-CI » Bash - Scripts » Just sleeping two minutes		2015-01-05 07:47:27.257391	2015-01-05 07:50:30.717445	d05f829e-b376-57fe-900a-a0e0aae0881d	\N
f488f6f1-b9ad-5af2-aee7-8b43f79e775b	f925e0f5-3838-4178-a465-9bb12d516968	passed	5	{linux}	Bash test demonstration for Cider-CI » Bash - Scripts » Just sleeping three minutes		2015-01-05 07:47:27.268915	2015-01-05 07:51:30.645489	553eb421-7ae0-50f7-a096-b854d42cbd1e	\N
\.


--
-- Data for Name: timeout_settings; Type: TABLE DATA; Schema: public; Owner: thomas
--

COPY timeout_settings (id, trial_dispatch_timeout_minutes, trial_end_state_timeout_minutes, trial_execution_timeout_minutes, created_at, updated_at, trial_scripts_retention_time_days) FROM stdin;
\.


--
-- Data for Name: tree_attachments; Type: TABLE DATA; Schema: public; Owner: thomas
--

COPY tree_attachments (id, path, content_length, content_type, to_be_retained_before, created_at, updated_at) FROM stdin;
6fd6cffb-88b6-4a64-80cc-ab0bf26e7cc9	/0d2f32b31baa40d99eff2fe91aadcf3dc0aaba93/log/hello.log	20	text/plain	\N	2014-12-13 09:07:37.383728	2014-12-13 09:07:37.383728
b69df6bf-ebd8-44cd-8761-87ac1ceda486	/b8c74ebd9260b1a2928767625946b937011a03b6/log/hello.log	20	text/plain	\N	2015-01-05 07:48:30.851143	2015-01-05 07:48:30.851143
\.


--
-- Data for Name: trial_attachments; Type: TABLE DATA; Schema: public; Owner: thomas
--

COPY trial_attachments (id, path, content_length, content_type, to_be_retained_before, created_at, updated_at) FROM stdin;
3501418b-aab5-4799-976e-fd5028f69826	/d75f6f4a-9008-4b47-be76-e697e08167db/log/hello.log	20	text/plain	\N	2014-12-13 09:07:37.362472	2014-12-13 09:07:37.362472
58a7193b-46be-43a3-a5fa-96efb883d6cc	/681f502a-caf9-4b4e-876a-e7780e6a6c95/log/hello.log	20	text/plain	\N	2015-01-05 07:48:30.804709	2015-01-05 07:48:30.804709
\.


--
-- Data for Name: trials; Type: TABLE DATA; Schema: public; Owner: thomas
--

COPY trials (id, task_id, executor_id, error, state, started_at, finished_at, created_at, updated_at, scripts, result) FROM stdin;
cdc2040c-78f0-461d-bee4-50657d966b28	ce13cf0a-5293-5daf-a6f6-33894451b070	b2fa66b2-40c2-456c-aebc-9af0a22d24ae	\N	failed	2014-12-06 10:52:20.29	2014-12-06 10:52:20.502	2014-12-06 10:52:19.384967	2014-12-06 10:52:20.664202	{"main": {"body": "env | sort", "name": "main", "error": null, "ports": {"xvnc_port": 5963}, "state": "failed", "stderr": "sudo: unable to execute /opt/local/bin/bash: Bad address\\n", "stdout": null, "trial_id": "cdc2040c-78f0-461d-bee4-50657d966b28", "started_at": "2014-12-06T09:52:20.484Z", "exit_status": 127, "finished_at": "2014-12-06T09:52:20.501Z", "working_dir": "./tmp/working-dir/cdc2040c-78f0-461d-bee4-50657d966b28", "execution_id": "69eedfdb-f4f9-4b6e-b8df-a023df912412", "environment_variables": {"cider_ci_task_id": "ce13cf0a-5293-5daf-a6f6-33894451b070", "cider_ci_trial_id": "cdc2040c-78f0-461d-bee4-50657d966b28", "cider_ci_execution_id": "69eedfdb-f4f9-4b6e-b8df-a023df912412"}}}	\N
e8b6be4c-1f4a-4372-a902-2b51f04f2c01	689096ba-f256-58ce-808c-ca26fc6c2ddb	b2fa66b2-40c2-456c-aebc-9af0a22d24ae	\N	passed	2014-12-06 10:52:20.268	2014-12-06 10:52:20.669	2014-12-06 10:52:19.388338	2014-12-06 10:52:20.678446	{"main": {"body": "declare -F | sort", "name": "main", "error": null, "ports": {}, "state": "passed", "stderr": null, "stdout": null, "trial_id": "e8b6be4c-1f4a-4372-a902-2b51f04f2c01", "started_at": "2014-12-06T09:52:20.471Z", "exit_status": 0, "finished_at": "2014-12-06T09:52:20.669Z", "working_dir": "./tmp/working-dir/e8b6be4c-1f4a-4372-a902-2b51f04f2c01", "execution_id": "69eedfdb-f4f9-4b6e-b8df-a023df912412", "environment_variables": {"cider_ci_task_id": "689096ba-f256-58ce-808c-ca26fc6c2ddb", "cider_ci_trial_id": "e8b6be4c-1f4a-4372-a902-2b51f04f2c01", "cider_ci_execution_id": "69eedfdb-f4f9-4b6e-b8df-a023df912412"}}}	\N
a51b3a27-532e-4078-a741-307dbf62c36a	c85afc83-2ca0-5926-b8a2-45bff2fb3dc7	b2fa66b2-40c2-456c-aebc-9af0a22d24ae	\N	passed	2014-12-06 10:52:20.216	2014-12-06 10:52:20.673	2014-12-06 10:52:19.398149	2014-12-06 10:52:20.68157	{"main": {"body": "ls -lah", "name": "main", "error": null, "ports": {}, "state": "passed", "stderr": null, "stdout": "total 8\\ndrwxr-xr-x+   6 thomas  staff   204B  6 Dez 10:52 .\\ndrwxr-xr-x+ 962 thomas  staff    32K  6 Dez 10:52 ..\\ndrwxr-xr-x+  12 thomas  staff   408B  6 Dez 10:52 .git\\n-rw-r--r--+   1 thomas  staff   542B  6 Dez 10:52 README.mkd\\ndrwxr-xr-x+   4 thomas  staff   136B  6 Dez 10:52 bin\\ndrwxr-xr-x+   3 thomas  staff   102B  6 Dez 10:52 cider-ci\\n", "trial_id": "a51b3a27-532e-4078-a741-307dbf62c36a", "started_at": "2014-12-06T09:52:20.509Z", "exit_status": 0, "finished_at": "2014-12-06T09:52:20.673Z", "working_dir": "./tmp/working-dir/a51b3a27-532e-4078-a741-307dbf62c36a", "execution_id": "69eedfdb-f4f9-4b6e-b8df-a023df912412", "environment_variables": {"cider_ci_task_id": "c85afc83-2ca0-5926-b8a2-45bff2fb3dc7", "cider_ci_trial_id": "a51b3a27-532e-4078-a741-307dbf62c36a", "cider_ci_execution_id": "69eedfdb-f4f9-4b6e-b8df-a023df912412"}}}	\N
68fb44dd-1fb8-4107-a887-eb24cdefc972	e7494560-b11b-5899-bd9d-418a23dbea78	b2fa66b2-40c2-456c-aebc-9af0a22d24ae	\N	passed	2014-12-06 10:52:20.244	2014-12-06 10:52:20.762	2014-12-06 10:52:19.39167	2014-12-06 10:52:20.769737	{"main": {"body": "env | sort", "name": "main", "error": null, "ports": {}, "state": "passed", "stderr": null, "stdout": "CIDER_CI_EXECUTION_ID=69eedfdb-f4f9-4b6e-b8df-a023df912412\\nCIDER_CI_TASK_ID=e7494560-b11b-5899-bd9d-418a23dbea78\\nCIDER_CI_TRIAL_ID=68fb44dd-1fb8-4107-a887-eb24cdefc972\\nCIDER_CI_WORKING_DIR=cider_ci.ex.exec$working_dir@68a80a3\\nCLICOLOR=1\\nCOLORFGBG=11;15\\nDISPLAY=/tmp/launch-LXa8zu/org.macosforge.xquartz:0\\nDYLD_LIBRARY_PATH=/usr/local/mysql/lib:\\nEDITOR=vim\\nHOME=/Users/thomas\\nJAVA_OPTS=-client\\nLANG=en_US.UTF-8\\nLC_DATE=de_DE.UTF-8\\nLC_TIME=de_DE.UTF-8\\nLOGNAME=thomas\\nMAIL=/var/mail/thomas\\nMYSQL=/usr/local/mysql\\nNODE_HOME=/Users/thomas/Library/nodejs\\nNODE_PATH=/Users/thomas/Library/nodejs/lib/node_modules\\nPATH=/Users/thomas/.rbenv/shims:/Users/thomas/.rbenv/bin:/Users/thomas/.rbenv/shims:/opt/local/bin:/opt/local/sbin:/Users/thomas/Library/nodejs/bin:/usr/local/mysql/bin:/Library/PostgreSQL/9.3/bin:/Users/thomas/Library/Haskell/bin:/Users/thomas/bin:/usr/bin:/bin:/usr/sbin:/sbin:/usr/local/bin:/opt/X11/bin:/usr/local/MacGPG2/bin:/usr/texbin:/Users/thomas/.rbenv/shims:/Users/thomas/.rbenv/bin:/opt/local/bin:/opt/local/sbin:/Users/thomas/Library/nodejs/bin:/usr/local/mysql/bin:/Library/PostgreSQL/9.3/bin:/Users/thomas/Library/Haskell/bin:/Users/thomas/bin:/Users/thomas/.rbenv/versions/2.1.2/bin:/Users/thomas/.rbenv/libexec:/Users/thomas/.rbenv/plugins/ruby-build/bin:/Users/thomas/.rbenv/plugins/rbenv-whatis/bin:/Users/thomas/.rbenv/plugins/rbenv-vars/bin:/Users/thomas/.rbenv/plugins/rbenv-use/bin:/Users/thomas/.rbenv/plugins/rbenv-update/bin:/Users/thomas/.rbenv/plugins/rbenv-installer/bin:/Users/thomas/.rbenv/plugins/rbenv-bootstrap/bin\\nPG92PORT=5432\\nPGHOST=localhost\\nPGPIDNAME=pid\\nPGPORT=5432\\nPGUSER=postgres\\nPOSTGRESSQL=/Library/PostgreSQL/9.3\\nPWD=/Users/thomas/Programming/CIDER-CI/executor/tmp/working-dir/68fb44dd-1fb8-4107-a887-eb24cdefc972\\nRBENV_SHELL=bash\\nSHELL=/opt/local/bin/bash\\nSHLVL=3\\nSSH_AUTH_SOCK=/tmp/launch-VS2QoG/Listeners\\nSUDO_COMMAND=/opt/local/bin/bash -c /var/folders/g4/1lmzlj2d7_3_dydhw357hqw00000gn/T/cider-ci_2644399718555618073.command_wrapper\\nSUDO_GID=20\\nSUDO_UID=501\\nSUDO_USER=thomas\\nTERM=screen-256color-bce\\nUSER=thomas\\nUSERNAME=thomas\\n_=/usr/bin/env\\n__CF_USER_TEXT_ENCODING=0x1F5:0:0\\n", "trial_id": "68fb44dd-1fb8-4107-a887-eb24cdefc972", "started_at": "2014-12-06T09:52:20.509Z", "exit_status": 0, "finished_at": "2014-12-06T09:52:20.762Z", "working_dir": "./tmp/working-dir/68fb44dd-1fb8-4107-a887-eb24cdefc972", "execution_id": "69eedfdb-f4f9-4b6e-b8df-a023df912412", "environment_variables": {"cider_ci_task_id": "e7494560-b11b-5899-bd9d-418a23dbea78", "cider_ci_trial_id": "68fb44dd-1fb8-4107-a887-eb24cdefc972", "cider_ci_execution_id": "69eedfdb-f4f9-4b6e-b8df-a023df912412"}}}	\N
a3a93300-953a-41f4-b508-fc97a42f22a0	0ccc6e27-d4bd-5580-9dd6-4cfe30ffc879	b2fa66b2-40c2-456c-aebc-9af0a22d24ae	\N	failed	2014-12-06 10:52:21.35	2014-12-06 10:52:21.421	2014-12-06 10:52:19.381749	2014-12-06 10:52:21.44641	{"main": {"body": "./bin/randomly-failing", "name": "main", "error": null, "ports": {}, "state": "failed", "stderr": "sudo: unable to execute /opt/local/bin/bash: Bad address\\n", "stdout": null, "trial_id": "a3a93300-953a-41f4-b508-fc97a42f22a0", "started_at": "2014-12-06T09:52:21.402Z", "exit_status": 127, "finished_at": "2014-12-06T09:52:21.419Z", "working_dir": "./tmp/working-dir/a3a93300-953a-41f4-b508-fc97a42f22a0", "execution_id": "69eedfdb-f4f9-4b6e-b8df-a023df912412", "environment_variables": {"the_answer": 42, "cider_ci_task_id": "0ccc6e27-d4bd-5580-9dd6-4cfe30ffc879", "cider_ci_trial_id": "a3a93300-953a-41f4-b508-fc97a42f22a0", "cider_ci_execution_id": "69eedfdb-f4f9-4b6e-b8df-a023df912412"}}}	\N
92a11734-45fc-434d-83d0-1fa53dac2dc5	6c54b864-ffa9-5fe9-9735-de05e6cb6959	b2fa66b2-40c2-456c-aebc-9af0a22d24ae	\N	passed	2014-12-06 10:52:22.455	2014-12-06 10:52:56.616	2014-12-06 10:52:19.373845	2014-12-06 10:52:56.622343	{"main": {"body": "./bin/sleeping-randomly-long", "name": "main", "error": null, "ports": {}, "state": "passed", "stderr": null, "stdout": "sleeping for 34 seconds\\n", "timeout": 40, "trial_id": "92a11734-45fc-434d-83d0-1fa53dac2dc5", "started_at": "2014-12-06T09:52:22.488Z", "exit_status": 0, "finished_at": "2014-12-06T09:52:56.616Z", "working_dir": "./tmp/working-dir/92a11734-45fc-434d-83d0-1fa53dac2dc5", "execution_id": "69eedfdb-f4f9-4b6e-b8df-a023df912412", "environment_variables": {"the_answer": 42, "cider_ci_task_id": "6c54b864-ffa9-5fe9-9735-de05e6cb6959", "cider_ci_trial_id": "92a11734-45fc-434d-83d0-1fa53dac2dc5", "cider_ci_execution_id": "69eedfdb-f4f9-4b6e-b8df-a023df912412"}}}	\N
d00ab683-bc8a-4549-8156-60307ab24e15	b35642d9-b465-535b-b840-3160028f6884	b2fa66b2-40c2-456c-aebc-9af0a22d24ae	\N	failed	2014-12-06 10:52:56.793	2014-12-06 10:52:56.835	2014-12-06 10:52:19.369949	2014-12-06 10:52:56.859488	{"main": {"body": "sleep 60 && exit 0", "name": "main", "error": null, "ports": {}, "state": "failed", "stderr": "sudo: unable to execute /opt/local/bin/bash: Bad address\\n", "stdout": null, "trial_id": "d00ab683-bc8a-4549-8156-60307ab24e15", "started_at": "2014-12-06T09:52:56.824Z", "exit_status": 127, "finished_at": "2014-12-06T09:52:56.835Z", "working_dir": "./tmp/working-dir/d00ab683-bc8a-4549-8156-60307ab24e15", "execution_id": "69eedfdb-f4f9-4b6e-b8df-a023df912412", "environment_variables": {"the_answer": 42, "cider_ci_task_id": "b35642d9-b465-535b-b840-3160028f6884", "cider_ci_trial_id": "d00ab683-bc8a-4549-8156-60307ab24e15", "cider_ci_execution_id": "69eedfdb-f4f9-4b6e-b8df-a023df912412"}}}	\N
e5523756-2232-406c-a4a6-ec47e467dc61	0ccc6e27-d4bd-5580-9dd6-4cfe30ffc879	b2fa66b2-40c2-456c-aebc-9af0a22d24ae	\N	failed	2014-12-06 10:52:22.439	2014-12-06 10:53:22.681	2014-12-06 10:52:21.455879	2014-12-06 10:53:22.686684	{"main": {"body": "./bin/randomly-failing", "name": "main", "error": null, "ports": {}, "state": "failed", "stderr": null, "stdout": "exiting with 4\\n", "trial_id": "e5523756-2232-406c-a4a6-ec47e467dc61", "started_at": "2014-12-06T09:52:22.474Z", "exit_status": 4, "finished_at": "2014-12-06T09:53:22.680Z", "working_dir": "./tmp/working-dir/e5523756-2232-406c-a4a6-ec47e467dc61", "execution_id": "69eedfdb-f4f9-4b6e-b8df-a023df912412", "environment_variables": {"the_answer": 42, "cider_ci_task_id": "0ccc6e27-d4bd-5580-9dd6-4cfe30ffc879", "cider_ci_trial_id": "e5523756-2232-406c-a4a6-ec47e467dc61", "cider_ci_execution_id": "69eedfdb-f4f9-4b6e-b8df-a023df912412"}}}	\N
34e59043-fec1-4746-a09b-fe16b4a44d81	ce13cf0a-5293-5daf-a6f6-33894451b070	b2fa66b2-40c2-456c-aebc-9af0a22d24ae	\N	passed	2014-12-06 10:52:21.332	2014-12-06 10:52:21.62	2014-12-06 10:52:20.673858	2014-12-06 10:52:21.625577	{"main": {"body": "env | sort", "name": "main", "error": null, "ports": {"xvnc_port": 5950}, "state": "passed", "stderr": null, "stdout": "CIDER_CI_EXECUTION_ID=69eedfdb-f4f9-4b6e-b8df-a023df912412\\nCIDER_CI_TASK_ID=ce13cf0a-5293-5daf-a6f6-33894451b070\\nCIDER_CI_TRIAL_ID=34e59043-fec1-4746-a09b-fe16b4a44d81\\nCIDER_CI_WORKING_DIR=cider_ci.ex.exec$working_dir@68a80a3\\nCLICOLOR=1\\nCOLORFGBG=11;15\\nDISPLAY=/tmp/launch-LXa8zu/org.macosforge.xquartz:0\\nDYLD_LIBRARY_PATH=/usr/local/mysql/lib:\\nEDITOR=vim\\nHOME=/Users/thomas\\nJAVA_OPTS=-client\\nLANG=en_US.UTF-8\\nLC_DATE=de_DE.UTF-8\\nLC_TIME=de_DE.UTF-8\\nLOGNAME=thomas\\nMAIL=/var/mail/thomas\\nMYSQL=/usr/local/mysql\\nNODE_HOME=/Users/thomas/Library/nodejs\\nNODE_PATH=/Users/thomas/Library/nodejs/lib/node_modules\\nPATH=/Users/thomas/.rbenv/shims:/Users/thomas/.rbenv/bin:/Users/thomas/.rbenv/shims:/opt/local/bin:/opt/local/sbin:/Users/thomas/Library/nodejs/bin:/usr/local/mysql/bin:/Library/PostgreSQL/9.3/bin:/Users/thomas/Library/Haskell/bin:/Users/thomas/bin:/usr/bin:/bin:/usr/sbin:/sbin:/usr/local/bin:/opt/X11/bin:/usr/local/MacGPG2/bin:/usr/texbin:/Users/thomas/.rbenv/shims:/Users/thomas/.rbenv/bin:/opt/local/bin:/opt/local/sbin:/Users/thomas/Library/nodejs/bin:/usr/local/mysql/bin:/Library/PostgreSQL/9.3/bin:/Users/thomas/Library/Haskell/bin:/Users/thomas/bin:/Users/thomas/.rbenv/versions/2.1.2/bin:/Users/thomas/.rbenv/libexec:/Users/thomas/.rbenv/plugins/ruby-build/bin:/Users/thomas/.rbenv/plugins/rbenv-whatis/bin:/Users/thomas/.rbenv/plugins/rbenv-vars/bin:/Users/thomas/.rbenv/plugins/rbenv-use/bin:/Users/thomas/.rbenv/plugins/rbenv-update/bin:/Users/thomas/.rbenv/plugins/rbenv-installer/bin:/Users/thomas/.rbenv/plugins/rbenv-bootstrap/bin\\nPG92PORT=5432\\nPGHOST=localhost\\nPGPIDNAME=pid\\nPGPORT=5432\\nPGUSER=postgres\\nPOSTGRESSQL=/Library/PostgreSQL/9.3\\nPWD=/Users/thomas/Programming/CIDER-CI/executor/tmp/working-dir/34e59043-fec1-4746-a09b-fe16b4a44d81\\nRBENV_SHELL=bash\\nSHELL=/opt/local/bin/bash\\nSHLVL=3\\nSSH_AUTH_SOCK=/tmp/launch-VS2QoG/Listeners\\nSUDO_COMMAND=/opt/local/bin/bash -c /var/folders/g4/1lmzlj2d7_3_dydhw357hqw00000gn/T/cider-ci_4192358326609315528.command_wrapper\\nSUDO_GID=20\\nSUDO_UID=501\\nSUDO_USER=thomas\\nTERM=screen-256color-bce\\nUSER=thomas\\nUSERNAME=thomas\\nXVNC_PORT=5950\\n_=/usr/bin/env\\n__CF_USER_TEXT_ENCODING=0x1F5:0:0\\n", "trial_id": "34e59043-fec1-4746-a09b-fe16b4a44d81", "started_at": "2014-12-06T09:52:21.376Z", "exit_status": 0, "finished_at": "2014-12-06T09:52:21.619Z", "working_dir": "./tmp/working-dir/34e59043-fec1-4746-a09b-fe16b4a44d81", "execution_id": "69eedfdb-f4f9-4b6e-b8df-a023df912412", "environment_variables": {"cider_ci_task_id": "ce13cf0a-5293-5daf-a6f6-33894451b070", "cider_ci_trial_id": "34e59043-fec1-4746-a09b-fe16b4a44d81", "cider_ci_execution_id": "69eedfdb-f4f9-4b6e-b8df-a023df912412"}}}	\N
750a8206-5482-4353-be2e-7e51d2ba9da1	b35642d9-b465-535b-b840-3160028f6884	b2fa66b2-40c2-456c-aebc-9af0a22d24ae	\N	failed	2014-12-06 10:52:57.817	2014-12-06 10:52:57.862	2014-12-06 10:52:56.862572	2014-12-06 10:52:57.880418	{"main": {"body": "sleep 60 && exit 0", "name": "main", "error": null, "ports": {}, "state": "failed", "stderr": "sudo: unable to execute /opt/local/bin/bash: Bad address\\n", "stdout": null, "trial_id": "750a8206-5482-4353-be2e-7e51d2ba9da1", "started_at": "2014-12-06T09:52:57.851Z", "exit_status": 127, "finished_at": "2014-12-06T09:52:57.862Z", "working_dir": "./tmp/working-dir/750a8206-5482-4353-be2e-7e51d2ba9da1", "execution_id": "69eedfdb-f4f9-4b6e-b8df-a023df912412", "environment_variables": {"the_answer": 42, "cider_ci_task_id": "b35642d9-b465-535b-b840-3160028f6884", "cider_ci_trial_id": "750a8206-5482-4353-be2e-7e51d2ba9da1", "cider_ci_execution_id": "69eedfdb-f4f9-4b6e-b8df-a023df912412"}}}	\N
7fb9d8aa-c721-49e5-9e33-0483154e6a1b	7f2388f6-cf10-5182-ba10-a7b0fe30189f	b2fa66b2-40c2-456c-aebc-9af0a22d24ae	\N	passed	2014-12-11 18:42:05.727	2014-12-11 18:42:06.147	2014-12-11 18:42:05.65298	2014-12-11 18:42:06.152103	{"main": {"body": "mkdir -p log && echo '[INFO] Hello World!' > log/hello.log", "name": "main", "error": null, "ports": {}, "state": "passed", "stderr": null, "stdout": null, "trial_id": "7fb9d8aa-c721-49e5-9e33-0483154e6a1b", "started_at": "2014-12-11T17:42:05.768Z", "exit_status": 0, "finished_at": "2014-12-11T17:42:06.125Z", "working_dir": "./tmp/working-dir/7fb9d8aa-c721-49e5-9e33-0483154e6a1b", "execution_id": "69eedfdb-f4f9-4b6e-b8df-a023df912412", "environment_variables": {"the_answer": 42, "cider_ci_task_id": "7f2388f6-cf10-5182-ba10-a7b0fe30189f", "cider_ci_trial_id": "7fb9d8aa-c721-49e5-9e33-0483154e6a1b", "cider_ci_execution_id": "69eedfdb-f4f9-4b6e-b8df-a023df912412"}}}	\N
81df6960-e592-4796-bf1d-30f4d90565ee	7f2388f6-cf10-5182-ba10-a7b0fe30189f	b2fa66b2-40c2-456c-aebc-9af0a22d24ae	\N	failed	2014-12-13 09:07:32.959	2014-12-13 09:07:33.038	2014-12-13 09:07:32.835713	2014-12-13 09:07:33.06394	{"main": {"body": "mkdir -p log && echo '[INFO] Hello World!' > log/hello.log", "name": "main", "error": null, "ports": {}, "state": "failed", "stderr": "sudo: unable to execute /opt/local/bin/bash: Bad address\\n", "stdout": null, "trial_id": "81df6960-e592-4796-bf1d-30f4d90565ee", "started_at": "2014-12-13T08:07:33.016Z", "exit_status": 127, "finished_at": "2014-12-13T08:07:33.037Z", "working_dir": "./tmp/working-dir/81df6960-e592-4796-bf1d-30f4d90565ee", "execution_id": "69eedfdb-f4f9-4b6e-b8df-a023df912412", "environment_variables": {"the_answer": 42, "cider_ci_task_id": "7f2388f6-cf10-5182-ba10-a7b0fe30189f", "cider_ci_trial_id": "81df6960-e592-4796-bf1d-30f4d90565ee", "cider_ci_execution_id": "69eedfdb-f4f9-4b6e-b8df-a023df912412"}}}	\N
978091f1-5111-42d6-8278-8cdeadb753a1	7f2388f6-cf10-5182-ba10-a7b0fe30189f	b2fa66b2-40c2-456c-aebc-9af0a22d24ae	\N	failed	2014-12-13 09:07:34.981	2014-12-13 09:07:35.028	2014-12-13 09:07:34.735952	2014-12-13 09:07:35.03532	{"main": {"body": "mkdir -p log && echo '[INFO] Hello World!' > log/hello.log", "name": "main", "error": null, "ports": {}, "state": "failed", "stderr": "sudo: unable to execute /opt/local/bin/bash: Bad address\\n", "stdout": null, "trial_id": "978091f1-5111-42d6-8278-8cdeadb753a1", "started_at": "2014-12-13T08:07:35.013Z", "exit_status": 127, "finished_at": "2014-12-13T08:07:35.026Z", "working_dir": "./tmp/working-dir/978091f1-5111-42d6-8278-8cdeadb753a1", "execution_id": "69eedfdb-f4f9-4b6e-b8df-a023df912412", "environment_variables": {"the_answer": 42, "cider_ci_task_id": "7f2388f6-cf10-5182-ba10-a7b0fe30189f", "cider_ci_trial_id": "978091f1-5111-42d6-8278-8cdeadb753a1", "cider_ci_execution_id": "69eedfdb-f4f9-4b6e-b8df-a023df912412"}}}	\N
d75f6f4a-9008-4b47-be76-e697e08167db	7f2388f6-cf10-5182-ba10-a7b0fe30189f	b2fa66b2-40c2-456c-aebc-9af0a22d24ae	\N	passed	2014-12-13 09:07:37.001	2014-12-13 09:07:37.391	2014-12-13 09:07:36.655618	2014-12-13 09:07:37.396204	{"main": {"body": "mkdir -p log && echo '[INFO] Hello World!' > log/hello.log", "name": "main", "error": null, "ports": {}, "state": "passed", "stderr": null, "stdout": null, "trial_id": "d75f6f4a-9008-4b47-be76-e697e08167db", "started_at": "2014-12-13T08:07:37.035Z", "exit_status": 0, "finished_at": "2014-12-13T08:07:37.271Z", "working_dir": "./tmp/working-dir/d75f6f4a-9008-4b47-be76-e697e08167db", "execution_id": "69eedfdb-f4f9-4b6e-b8df-a023df912412", "environment_variables": {"the_answer": 42, "cider_ci_task_id": "7f2388f6-cf10-5182-ba10-a7b0fe30189f", "cider_ci_trial_id": "d75f6f4a-9008-4b47-be76-e697e08167db", "cider_ci_execution_id": "69eedfdb-f4f9-4b6e-b8df-a023df912412"}}}	\N
5c1c9828-08b6-4f50-9662-fb16817945f5	0ccc6e27-d4bd-5580-9dd6-4cfe30ffc879	b2fa66b2-40c2-456c-aebc-9af0a22d24ae	\N	passed	2014-12-06 10:52:21.379	2014-12-06 10:53:21.571	2014-12-06 10:52:19.37963	2014-12-06 10:53:21.576869	{"main": {"body": "./bin/randomly-failing", "name": "main", "error": null, "ports": {}, "state": "passed", "stderr": null, "stdout": "exiting with 0\\n", "trial_id": "5c1c9828-08b6-4f50-9662-fb16817945f5", "started_at": "2014-12-06T09:52:21.433Z", "exit_status": 0, "finished_at": "2014-12-06T09:53:21.570Z", "working_dir": "./tmp/working-dir/5c1c9828-08b6-4f50-9662-fb16817945f5", "execution_id": "69eedfdb-f4f9-4b6e-b8df-a023df912412", "environment_variables": {"the_answer": 42, "cider_ci_task_id": "0ccc6e27-d4bd-5580-9dd6-4cfe30ffc879", "cider_ci_trial_id": "5c1c9828-08b6-4f50-9662-fb16817945f5", "cider_ci_execution_id": "69eedfdb-f4f9-4b6e-b8df-a023df912412"}}}	\N
372252a7-8795-4e0c-851e-a7e98ce3a88d	0ccc6e27-d4bd-5580-9dd6-4cfe30ffc879	b2fa66b2-40c2-456c-aebc-9af0a22d24ae	\N	passed	2014-12-06 10:52:21.408	2014-12-06 10:53:21.581	2014-12-06 10:52:19.377433	2014-12-06 10:53:21.587066	{"main": {"body": "./bin/randomly-failing", "name": "main", "error": null, "ports": {}, "state": "passed", "stderr": null, "stdout": "exiting with 0\\n", "trial_id": "372252a7-8795-4e0c-851e-a7e98ce3a88d", "started_at": "2014-12-06T09:52:21.452Z", "exit_status": 0, "finished_at": "2014-12-06T09:53:21.581Z", "working_dir": "./tmp/working-dir/372252a7-8795-4e0c-851e-a7e98ce3a88d", "execution_id": "69eedfdb-f4f9-4b6e-b8df-a023df912412", "environment_variables": {"the_answer": 42, "cider_ci_task_id": "0ccc6e27-d4bd-5580-9dd6-4cfe30ffc879", "cider_ci_trial_id": "372252a7-8795-4e0c-851e-a7e98ce3a88d", "cider_ci_execution_id": "69eedfdb-f4f9-4b6e-b8df-a023df912412"}}}	\N
8e588dd1-031c-40f6-8c39-b40b435544e5	7f2388f6-cf10-5182-ba10-a7b0fe30189f	b2fa66b2-40c2-456c-aebc-9af0a22d24ae	\N	failed	2014-12-06 10:53:22.029	2014-12-06 10:53:22.073	2014-12-06 10:52:19.328409	2014-12-06 10:53:22.101599	{"main": {"body": "mkdir -p log && echo '[INFO] Hello World!' > log/hello.log", "name": "main", "error": null, "ports": {}, "state": "failed", "stderr": "sudo: unable to execute /opt/local/bin/bash: Bad address\\n", "stdout": null, "trial_id": "8e588dd1-031c-40f6-8c39-b40b435544e5", "started_at": "2014-12-06T09:53:22.062Z", "exit_status": 127, "finished_at": "2014-12-06T09:53:22.073Z", "working_dir": "./tmp/working-dir/8e588dd1-031c-40f6-8c39-b40b435544e5", "execution_id": "69eedfdb-f4f9-4b6e-b8df-a023df912412", "environment_variables": {"the_answer": 42, "cider_ci_task_id": "7f2388f6-cf10-5182-ba10-a7b0fe30189f", "cider_ci_trial_id": "8e588dd1-031c-40f6-8c39-b40b435544e5", "cider_ci_execution_id": "69eedfdb-f4f9-4b6e-b8df-a023df912412"}}}	\N
c3e9226b-5f02-4eda-ae83-a2398252ab2a	7f2388f6-cf10-5182-ba10-a7b0fe30189f	b2fa66b2-40c2-456c-aebc-9af0a22d24ae	\N	passed	2014-12-06 10:53:23.046	2014-12-06 10:53:23.315	2014-12-06 10:53:22.104521	2014-12-06 10:53:23.320105	{"main": {"body": "mkdir -p log && echo '[INFO] Hello World!' > log/hello.log", "name": "main", "error": null, "ports": {}, "state": "passed", "stderr": null, "stdout": null, "trial_id": "c3e9226b-5f02-4eda-ae83-a2398252ab2a", "started_at": "2014-12-06T09:53:23.079Z", "exit_status": 0, "finished_at": "2014-12-06T09:53:23.274Z", "working_dir": "./tmp/working-dir/c3e9226b-5f02-4eda-ae83-a2398252ab2a", "execution_id": "69eedfdb-f4f9-4b6e-b8df-a023df912412", "environment_variables": {"the_answer": 42, "cider_ci_task_id": "7f2388f6-cf10-5182-ba10-a7b0fe30189f", "cider_ci_trial_id": "c3e9226b-5f02-4eda-ae83-a2398252ab2a", "cider_ci_execution_id": "69eedfdb-f4f9-4b6e-b8df-a023df912412"}}}	\N
d2fba65b-4137-4beb-a1d2-d19eb8d47e7b	4b826386-e3f7-5b6a-8276-8e31d6e2e798	b2fa66b2-40c2-456c-aebc-9af0a22d24ae	\N	passed	2014-12-06 10:52:58.841	2014-12-06 10:54:59.067	2014-12-06 10:52:19.354711	2014-12-06 10:54:59.07474	{"main": {"body": "sleep 120 && exit 0", "name": "main", "error": null, "ports": {}, "state": "passed", "stderr": null, "stdout": null, "trial_id": "d2fba65b-4137-4beb-a1d2-d19eb8d47e7b", "started_at": "2014-12-06T09:52:58.874Z", "exit_status": 0, "finished_at": "2014-12-06T09:54:59.067Z", "working_dir": "./tmp/working-dir/d2fba65b-4137-4beb-a1d2-d19eb8d47e7b", "execution_id": "69eedfdb-f4f9-4b6e-b8df-a023df912412", "environment_variables": {"the_answer": 42, "cider_ci_task_id": "4b826386-e3f7-5b6a-8276-8e31d6e2e798", "cider_ci_trial_id": "d2fba65b-4137-4beb-a1d2-d19eb8d47e7b", "cider_ci_execution_id": "69eedfdb-f4f9-4b6e-b8df-a023df912412"}}}	\N
1e62ce7b-73b8-4d90-8fea-ca5e3d52f7b5	8a23efaa-6116-52ad-bc62-d28f1d90858a	b2fa66b2-40c2-456c-aebc-9af0a22d24ae	\N	passed	2014-12-06 10:53:22.015	2014-12-06 10:56:22.25	2014-12-06 10:52:19.345058	2014-12-06 10:56:22.256372	{"main": {"body": "sleep 180 && exit 0", "name": "main", "error": null, "ports": {}, "state": "passed", "stderr": null, "stdout": null, "trial_id": "1e62ce7b-73b8-4d90-8fea-ca5e3d52f7b5", "started_at": "2014-12-06T09:53:22.051Z", "exit_status": 0, "finished_at": "2014-12-06T09:56:22.250Z", "working_dir": "./tmp/working-dir/1e62ce7b-73b8-4d90-8fea-ca5e3d52f7b5", "execution_id": "69eedfdb-f4f9-4b6e-b8df-a023df912412", "environment_variables": {"the_answer": 42, "cider_ci_task_id": "8a23efaa-6116-52ad-bc62-d28f1d90858a", "cider_ci_trial_id": "1e62ce7b-73b8-4d90-8fea-ca5e3d52f7b5", "cider_ci_execution_id": "69eedfdb-f4f9-4b6e-b8df-a023df912412"}}}	\N
fde55470-834e-48f0-9eda-fb8bafbe1861	7f2388f6-cf10-5182-ba10-a7b0fe30189f	b2fa66b2-40c2-456c-aebc-9af0a22d24ae	\N	passed	2014-12-10 18:40:45.044	2014-12-10 18:40:45.75	2014-12-10 18:40:44.180224	2014-12-10 18:40:45.773327	{"main": {"body": "mkdir -p log && echo '[INFO] Hello World!' > log/hello.log", "name": "main", "error": null, "ports": {}, "state": "passed", "stderr": null, "stdout": null, "trial_id": "fde55470-834e-48f0-9eda-fb8bafbe1861", "started_at": "2014-12-10T17:40:45.142Z", "exit_status": 0, "finished_at": "2014-12-10T17:40:45.513Z", "working_dir": "./tmp/working-dir/fde55470-834e-48f0-9eda-fb8bafbe1861", "execution_id": "69eedfdb-f4f9-4b6e-b8df-a023df912412", "environment_variables": {"the_answer": 42, "cider_ci_task_id": "7f2388f6-cf10-5182-ba10-a7b0fe30189f", "cider_ci_trial_id": "fde55470-834e-48f0-9eda-fb8bafbe1861", "cider_ci_execution_id": "69eedfdb-f4f9-4b6e-b8df-a023df912412"}}}	\N
dfdb5b71-dd7b-4dbe-ab72-8e522b62549b	b35642d9-b465-535b-b840-3160028f6884	b2fa66b2-40c2-456c-aebc-9af0a22d24ae	\N	passed	2014-12-06 12:44:13.398	2014-12-06 12:45:13.758	2014-12-06 12:44:12.453471	2014-12-06 12:45:13.762967	{"main": {"body": "sleep 60 && exit 0", "name": "main", "error": null, "ports": {}, "state": "passed", "stderr": null, "stdout": null, "trial_id": "dfdb5b71-dd7b-4dbe-ab72-8e522b62549b", "started_at": "2014-12-06T11:44:13.455Z", "exit_status": 0, "finished_at": "2014-12-06T11:45:13.757Z", "working_dir": "./tmp/working-dir/dfdb5b71-dd7b-4dbe-ab72-8e522b62549b", "execution_id": "69eedfdb-f4f9-4b6e-b8df-a023df912412", "environment_variables": {"the_answer": 42, "cider_ci_task_id": "b35642d9-b465-535b-b840-3160028f6884", "cider_ci_trial_id": "dfdb5b71-dd7b-4dbe-ab72-8e522b62549b", "cider_ci_execution_id": "69eedfdb-f4f9-4b6e-b8df-a023df912412"}}}	\N
719615b5-2584-4c66-a461-8e6c0a69ead6	7f2388f6-cf10-5182-ba10-a7b0fe30189f	b2fa66b2-40c2-456c-aebc-9af0a22d24ae	\N	failed	2014-12-11 18:41:52.673	2014-12-11 18:41:52.756	2014-12-11 18:41:51.643285	2014-12-11 18:41:52.760645	{"main": {"body": "mkdir -p log && echo '[INFO] Hello World!' > log/hello.log", "name": "main", "error": null, "ports": {}, "state": "failed", "stderr": "sudo: unable to execute /opt/local/bin/bash: Bad address\\n", "stdout": null, "trial_id": "719615b5-2584-4c66-a461-8e6c0a69ead6", "started_at": "2014-12-11T17:41:52.732Z", "exit_status": 127, "finished_at": "2014-12-11T17:41:52.756Z", "working_dir": "./tmp/working-dir/719615b5-2584-4c66-a461-8e6c0a69ead6", "execution_id": "69eedfdb-f4f9-4b6e-b8df-a023df912412", "environment_variables": {"the_answer": 42, "cider_ci_task_id": "7f2388f6-cf10-5182-ba10-a7b0fe30189f", "cider_ci_trial_id": "719615b5-2584-4c66-a461-8e6c0a69ead6", "cider_ci_execution_id": "69eedfdb-f4f9-4b6e-b8df-a023df912412"}}}	\N
bb4f08a0-a6c2-43fa-b6c6-6d840cef7f60	7f2388f6-cf10-5182-ba10-a7b0fe30189f	b2fa66b2-40c2-456c-aebc-9af0a22d24ae	\N	failed	2014-12-11 18:42:03.706	2014-12-11 18:42:03.755	2014-12-11 18:42:03.223617	2014-12-11 18:42:03.765167	{"main": {"body": "mkdir -p log && echo '[INFO] Hello World!' > log/hello.log", "name": "main", "error": null, "ports": {}, "state": "failed", "stderr": "sudo: unable to execute /opt/local/bin/bash: Bad address\\n", "stdout": null, "trial_id": "bb4f08a0-a6c2-43fa-b6c6-6d840cef7f60", "started_at": "2014-12-11T17:42:03.742Z", "exit_status": 127, "finished_at": "2014-12-11T17:42:03.754Z", "working_dir": "./tmp/working-dir/bb4f08a0-a6c2-43fa-b6c6-6d840cef7f60", "execution_id": "69eedfdb-f4f9-4b6e-b8df-a023df912412", "environment_variables": {"the_answer": 42, "cider_ci_task_id": "7f2388f6-cf10-5182-ba10-a7b0fe30189f", "cider_ci_trial_id": "bb4f08a0-a6c2-43fa-b6c6-6d840cef7f60", "cider_ci_execution_id": "69eedfdb-f4f9-4b6e-b8df-a023df912412"}}}	\N
b5718ec8-ad30-4829-8524-2d988733760d	21d6d936-50f6-508f-83bc-cf13e4a548d9	b2fa66b2-40c2-456c-aebc-9af0a22d24ae	\N	failed	2015-01-05 07:47:29.159	2015-01-05 07:48:29.451	2015-01-05 07:47:27.477318	2015-01-05 07:48:29.45932	{"main": {"body": "./bin/randomly-failing", "name": "main", "error": null, "ports": {}, "state": "failed", "stderr": null, "stdout": "exiting with 2\\n", "trial_id": "b5718ec8-ad30-4829-8524-2d988733760d", "started_at": "2015-01-05T06:47:29.219Z", "exit_status": 2, "finished_at": "2015-01-05T06:48:29.450Z", "working_dir": "./tmp/working-dir/b5718ec8-ad30-4829-8524-2d988733760d", "execution_id": "f925e0f5-3838-4178-a465-9bb12d516968", "environment_variables": {"the_answer": 42, "cider_ci_task_id": "21d6d936-50f6-508f-83bc-cf13e4a548d9", "cider_ci_trial_id": "b5718ec8-ad30-4829-8524-2d988733760d", "cider_ci_execution_id": "f925e0f5-3838-4178-a465-9bb12d516968"}}}	\N
a483ef62-6ec9-4d3c-b989-59285babe3a6	714b07aa-c1ac-5f81-b37f-396f3a0615c8	b2fa66b2-40c2-456c-aebc-9af0a22d24ae	\N	passed	2015-01-05 07:47:27.996	2015-01-05 07:47:28.417	2015-01-05 07:47:27.460528	2015-01-05 07:47:28.437283	{"main": {"body": "declare -F | sort", "name": "main", "error": null, "ports": {}, "state": "passed", "stderr": null, "stdout": null, "trial_id": "a483ef62-6ec9-4d3c-b989-59285babe3a6", "started_at": "2015-01-05T06:47:28.057Z", "exit_status": 0, "finished_at": "2015-01-05T06:47:28.416Z", "working_dir": "./tmp/working-dir/a483ef62-6ec9-4d3c-b989-59285babe3a6", "execution_id": "f925e0f5-3838-4178-a465-9bb12d516968", "environment_variables": {"cider_ci_task_id": "714b07aa-c1ac-5f81-b37f-396f3a0615c8", "cider_ci_trial_id": "a483ef62-6ec9-4d3c-b989-59285babe3a6", "cider_ci_execution_id": "f925e0f5-3838-4178-a465-9bb12d516968"}}}	\N
53953c46-f5a8-415d-ab18-b710afff3852	21d6d936-50f6-508f-83bc-cf13e4a548d9	b2fa66b2-40c2-456c-aebc-9af0a22d24ae	\N	passed	2015-01-05 07:47:29.126	2015-01-05 07:48:29.418	2015-01-05 07:47:27.479874	2015-01-05 07:48:29.42647	{"main": {"body": "./bin/randomly-failing", "name": "main", "error": null, "ports": {}, "state": "passed", "stderr": null, "stdout": "exiting with 0\\n", "trial_id": "53953c46-f5a8-415d-ab18-b710afff3852", "started_at": "2015-01-05T06:47:29.176Z", "exit_status": 0, "finished_at": "2015-01-05T06:48:29.417Z", "working_dir": "./tmp/working-dir/53953c46-f5a8-415d-ab18-b710afff3852", "execution_id": "f925e0f5-3838-4178-a465-9bb12d516968", "environment_variables": {"the_answer": 42, "cider_ci_task_id": "21d6d936-50f6-508f-83bc-cf13e4a548d9", "cider_ci_trial_id": "53953c46-f5a8-415d-ab18-b710afff3852", "cider_ci_execution_id": "f925e0f5-3838-4178-a465-9bb12d516968"}}}	\N
681f502a-caf9-4b4e-876a-e7780e6a6c95	70906581-f211-5792-825c-bd6b0ad1f70b	b2fa66b2-40c2-456c-aebc-9af0a22d24ae	\N	passed	2015-01-05 07:48:30.363	2015-01-05 07:48:30.858	2015-01-05 07:47:27.52992	2015-01-05 07:48:30.872346	{"main": {"body": "mkdir -p log && echo '[INFO] Hello World!' > log/hello.log", "name": "main", "error": null, "ports": {}, "state": "passed", "stderr": null, "stdout": null, "trial_id": "681f502a-caf9-4b4e-876a-e7780e6a6c95", "started_at": "2015-01-05T06:48:30.419Z", "exit_status": 0, "finished_at": "2015-01-05T06:48:30.659Z", "working_dir": "./tmp/working-dir/681f502a-caf9-4b4e-876a-e7780e6a6c95", "execution_id": "f925e0f5-3838-4178-a465-9bb12d516968", "environment_variables": {"the_answer": 42, "cider_ci_task_id": "70906581-f211-5792-825c-bd6b0ad1f70b", "cider_ci_trial_id": "681f502a-caf9-4b4e-876a-e7780e6a6c95", "cider_ci_execution_id": "f925e0f5-3838-4178-a465-9bb12d516968"}}}	\N
af946b23-6554-4b59-8709-3ea2ebe5a148	7b72d824-5848-5c23-8514-37bc05ca3a5e	b2fa66b2-40c2-456c-aebc-9af0a22d24ae	\N	passed	2015-01-05 07:48:31.391	2015-01-05 07:48:31.776	2015-01-05 07:47:27.544291	2015-01-05 07:48:31.789567	{"main": {"body": "./bin/create-result-json", "name": "main", "error": null, "ports": {}, "state": "passed", "stderr": null, "stdout": null, "trial_id": "af946b23-6554-4b59-8709-3ea2ebe5a148", "started_at": "2015-01-05T06:48:31.441Z", "exit_status": 0, "finished_at": "2015-01-05T06:48:31.774Z", "working_dir": "./tmp/working-dir/af946b23-6554-4b59-8709-3ea2ebe5a148", "execution_id": "f925e0f5-3838-4178-a465-9bb12d516968", "environment_variables": {"the_answer": 42, "cider_ci_task_id": "7b72d824-5848-5c23-8514-37bc05ca3a5e", "cider_ci_trial_id": "af946b23-6554-4b59-8709-3ea2ebe5a148", "cider_ci_execution_id": "f925e0f5-3838-4178-a465-9bb12d516968"}}}	{"value": 0.5889767143772698, "summary": "58.90%"}
1f59cf77-824f-4140-87b3-b72b3a0f4bb7	c6072f86-e476-5772-9f4e-dce0a48075e1	b2fa66b2-40c2-456c-aebc-9af0a22d24ae	\N	passed	2015-01-05 07:48:27.209	2015-01-05 07:49:27.558	2015-01-05 07:47:27.489941	2015-01-05 07:49:27.565251	{"main": {"body": "sleep 60 && exit 0", "name": "main", "error": null, "ports": {}, "state": "passed", "stderr": null, "stdout": null, "trial_id": "1f59cf77-824f-4140-87b3-b72b3a0f4bb7", "started_at": "2015-01-05T06:48:27.253Z", "exit_status": 0, "finished_at": "2015-01-05T06:49:27.557Z", "working_dir": "./tmp/working-dir/1f59cf77-824f-4140-87b3-b72b3a0f4bb7", "execution_id": "f925e0f5-3838-4178-a465-9bb12d516968", "environment_variables": {"the_answer": 42, "cider_ci_task_id": "c6072f86-e476-5772-9f4e-dce0a48075e1", "cider_ci_trial_id": "1f59cf77-824f-4140-87b3-b72b3a0f4bb7", "cider_ci_execution_id": "f925e0f5-3838-4178-a465-9bb12d516968"}}}	\N
f32fdb45-d92b-461f-91b9-f4dea204db81	5a5ffd9d-3d91-543d-884b-b7630e063a81	b2fa66b2-40c2-456c-aebc-9af0a22d24ae	\N	passed	2015-01-05 07:48:30.287	2015-01-05 07:50:30.69	2015-01-05 07:47:27.503497	2015-01-05 07:50:30.703791	{"main": {"body": "sleep 120 && exit 0", "name": "main", "error": null, "ports": {}, "state": "passed", "stderr": null, "stdout": null, "trial_id": "f32fdb45-d92b-461f-91b9-f4dea204db81", "started_at": "2015-01-05T06:48:30.332Z", "exit_status": 0, "finished_at": "2015-01-05T06:50:30.690Z", "working_dir": "./tmp/working-dir/f32fdb45-d92b-461f-91b9-f4dea204db81", "execution_id": "f925e0f5-3838-4178-a465-9bb12d516968", "environment_variables": {"the_answer": 42, "cider_ci_task_id": "5a5ffd9d-3d91-543d-884b-b7630e063a81", "cider_ci_trial_id": "f32fdb45-d92b-461f-91b9-f4dea204db81", "cider_ci_execution_id": "f925e0f5-3838-4178-a465-9bb12d516968"}}}	\N
39a67c53-9ee4-43c6-bfea-37aa4f2862bc	46278442-8427-55c2-bfa8-7bb35f9d5376	b2fa66b2-40c2-456c-aebc-9af0a22d24ae	\N	passed	2015-01-05 07:47:27.933	2015-01-05 07:47:28.417	2015-01-05 07:47:27.416749	2015-01-05 07:47:28.437516	{"main": {"body": "ls -lah", "name": "main", "error": null, "ports": {}, "state": "passed", "stderr": null, "stdout": "total 16\\ndrwxr-xr-x+    7 thomas  staff   238B  5 Jan 07:47 .\\ndrwxr-xr-x+ 1165 thomas  staff    39K  5 Jan 07:47 ..\\ndrwxr-xr-x+   12 thomas  staff   408B  5 Jan 07:47 .git\\n-rw-r--r--+    1 thomas  staff    12B  5 Jan 07:47 .gitignore\\n-rw-r--r--+    1 thomas  staff   542B  5 Jan 07:47 README.mkd\\ndrwxr-xr-x+    5 thomas  staff   170B  5 Jan 07:47 bin\\ndrwxr-xr-x+    3 thomas  staff   102B  5 Jan 07:47 cider-ci\\n", "trial_id": "39a67c53-9ee4-43c6-bfea-37aa4f2862bc", "started_at": "2015-01-05T06:47:28.043Z", "exit_status": 0, "finished_at": "2015-01-05T06:47:28.416Z", "working_dir": "./tmp/working-dir/39a67c53-9ee4-43c6-bfea-37aa4f2862bc", "execution_id": "f925e0f5-3838-4178-a465-9bb12d516968", "environment_variables": {"cider_ci_task_id": "46278442-8427-55c2-bfa8-7bb35f9d5376", "cider_ci_trial_id": "39a67c53-9ee4-43c6-bfea-37aa4f2862bc", "cider_ci_execution_id": "f925e0f5-3838-4178-a465-9bb12d516968"}}}	\N
e8b04ab5-ddde-46c3-abc6-40ef772e9be1	1d89fdc5-2f62-5dc0-8ead-680a3d17ec70	b2fa66b2-40c2-456c-aebc-9af0a22d24ae	\N	passed	2015-01-05 07:47:27.962	2015-01-05 07:47:28.417	2015-01-05 07:47:27.455807	2015-01-05 07:47:28.437552	{"main": {"body": "env | sort", "name": "main", "error": null, "ports": {}, "state": "passed", "stderr": null, "stdout": "CIDER_CI_EXECUTION_ID=f925e0f5-3838-4178-a465-9bb12d516968\\nCIDER_CI_TASK_ID=1d89fdc5-2f62-5dc0-8ead-680a3d17ec70\\nCIDER_CI_TRIAL_ID=e8b04ab5-ddde-46c3-abc6-40ef772e9be1\\nCIDER_CI_WORKING_DIR=cider_ci.ex.exec$working_dir@4d402172\\nCLICOLOR=1\\nCOLORFGBG=11;15\\nDISPLAY=/private/tmp/com.apple.launchd.zNTKC4OETc/org.macosforge.xquartz:0\\nDYLD_LIBRARY_PATH=/usr/local/mysql/lib:\\nEDITOR=vim\\nHOME=/Users/thomas\\nJAVA_OPTS=-client\\nJRUBY_OPTS=--1.9\\nLANG=en_US.UTF-8\\nLC_DATE=de_DE.UTF-8\\nLC_TIME=de_DE.UTF-8\\nLOGNAME=thomas\\nMAIL=/var/mail/thomas\\nMONGODB_DATA=/Users/thomas/Data/mongodb\\nMONGODB_HOME=/Users/thomas/Library/mongodb\\nMYSQL=/usr/local/mysql\\nNODE_HOME=/Users/thomas/Library/nodejs\\nNODE_PATH=/Users/thomas/Library/nodejs/lib/node_modules\\nPATH=/Users/thomas/.rbenv/shims:/Users/thomas/.rbenv/bin:/Users/thomas/.rbenv/shims:/opt/local/bin:/opt/local/sbin:/Users/thomas/Library/nodejs/bin:/Users/thomas/Library/mongodb/bin:/usr/local/mysql/bin:/Library/PostgreSQL/9.4/bin:/Users/thomas/Library/Haskell/bin:/Users/thomas/bin:/usr/local/bin:/usr/bin:/bin:/usr/sbin:/sbin:/opt/X11/bin:/usr/local/MacGPG2/bin:/usr/texbin:/Users/thomas/.rbenv/shims:/Users/thomas/.rbenv/bin:/opt/local/bin:/opt/local/sbin:/Users/thomas/Library/nodejs/bin:/Users/thomas/Library/mongodb/bin:/usr/local/mysql/bin:/Library/PostgreSQL/9.4/bin:/Users/thomas/Library/Haskell/bin:/Users/thomas/bin:/Users/thomas/.rbenv/versions/2.1.5/bin:/Users/thomas/.rbenv/libexec:/Users/thomas/.rbenv/plugins/ruby-build/bin:/Users/thomas/.rbenv/plugins/rbenv-whatis/bin:/Users/thomas/.rbenv/plugins/rbenv-vars/bin:/Users/thomas/.rbenv/plugins/rbenv-use/bin:/Users/thomas/.rbenv/plugins/rbenv-update/bin:/Users/thomas/.rbenv/plugins/rbenv-installer/bin:/Users/thomas/.rbenv/plugins/rbenv-bootstrap/bin\\nPG92PORT=5432\\nPGHOST=localhost\\nPGPASSWORD=thomas\\nPGPIDNAME=pid\\nPGPORT=5432\\nPGUSER=thomas\\nPOSTGRESSQL=/Library/PostgreSQL/9.4\\nPWD=/Users/thomas/Programming/CIDER-CI/executor/tmp/working-dir/e8b04ab5-ddde-46c3-abc6-40ef772e9be1\\nRBENV_SHELL=bash\\nSHELL=/opt/local/bin/bash\\nSHLVL=3\\nSSH_AUTH_SOCK=/private/tmp/com.apple.launchd.TxRChRs5xm/Listeners\\nSUDO_COMMAND=/opt/local/bin/bash -c /var/folders/g4/1lmzlj2d7_3_dydhw357hqw00000gn/T/cider-ci_1333313889305897585.command_wrapper\\nSUDO_GID=20\\nSUDO_UID=501\\nSUDO_USER=thomas\\nTERM=screen-256color-bce\\nUSER=thomas\\nUSERNAME=thomas\\n_=/usr/bin/env\\n__CF_USER_TEXT_ENCODING=0x1F5:0x0:0x0\\n", "trial_id": "e8b04ab5-ddde-46c3-abc6-40ef772e9be1", "started_at": "2015-01-05T06:47:28.043Z", "exit_status": 0, "finished_at": "2015-01-05T06:47:28.416Z", "working_dir": "./tmp/working-dir/e8b04ab5-ddde-46c3-abc6-40ef772e9be1", "execution_id": "f925e0f5-3838-4178-a465-9bb12d516968", "environment_variables": {"cider_ci_task_id": "1d89fdc5-2f62-5dc0-8ead-680a3d17ec70", "cider_ci_trial_id": "e8b04ab5-ddde-46c3-abc6-40ef772e9be1", "cider_ci_execution_id": "f925e0f5-3838-4178-a465-9bb12d516968"}}}	\N
286d517a-4c7e-4dd8-bcdc-d9fe3446b4f3	99fa5657-86a9-5ac4-9ac9-3b6603584eee	b2fa66b2-40c2-456c-aebc-9af0a22d24ae	\N	passed	2015-01-05 07:47:28.036	2015-01-05 07:47:28.524	2015-01-05 07:47:27.467888	2015-01-05 07:47:28.538566	{"main": {"body": "env | sort", "name": "main", "error": null, "ports": {"xvnc_port": 5921}, "state": "passed", "stderr": null, "stdout": "CIDER_CI_EXECUTION_ID=f925e0f5-3838-4178-a465-9bb12d516968\\nCIDER_CI_TASK_ID=99fa5657-86a9-5ac4-9ac9-3b6603584eee\\nCIDER_CI_TRIAL_ID=286d517a-4c7e-4dd8-bcdc-d9fe3446b4f3\\nCIDER_CI_WORKING_DIR=cider_ci.ex.exec$working_dir@4d402172\\nCLICOLOR=1\\nCOLORFGBG=11;15\\nDISPLAY=/private/tmp/com.apple.launchd.zNTKC4OETc/org.macosforge.xquartz:0\\nDYLD_LIBRARY_PATH=/usr/local/mysql/lib:\\nEDITOR=vim\\nHOME=/Users/thomas\\nJAVA_OPTS=-client\\nJRUBY_OPTS=--1.9\\nLANG=en_US.UTF-8\\nLC_DATE=de_DE.UTF-8\\nLC_TIME=de_DE.UTF-8\\nLOGNAME=thomas\\nMAIL=/var/mail/thomas\\nMONGODB_DATA=/Users/thomas/Data/mongodb\\nMONGODB_HOME=/Users/thomas/Library/mongodb\\nMYSQL=/usr/local/mysql\\nNODE_HOME=/Users/thomas/Library/nodejs\\nNODE_PATH=/Users/thomas/Library/nodejs/lib/node_modules\\nPATH=/Users/thomas/.rbenv/shims:/Users/thomas/.rbenv/bin:/Users/thomas/.rbenv/shims:/opt/local/bin:/opt/local/sbin:/Users/thomas/Library/nodejs/bin:/Users/thomas/Library/mongodb/bin:/usr/local/mysql/bin:/Library/PostgreSQL/9.4/bin:/Users/thomas/Library/Haskell/bin:/Users/thomas/bin:/usr/local/bin:/usr/bin:/bin:/usr/sbin:/sbin:/opt/X11/bin:/usr/local/MacGPG2/bin:/usr/texbin:/Users/thomas/.rbenv/shims:/Users/thomas/.rbenv/bin:/opt/local/bin:/opt/local/sbin:/Users/thomas/Library/nodejs/bin:/Users/thomas/Library/mongodb/bin:/usr/local/mysql/bin:/Library/PostgreSQL/9.4/bin:/Users/thomas/Library/Haskell/bin:/Users/thomas/bin:/Users/thomas/.rbenv/versions/2.1.5/bin:/Users/thomas/.rbenv/libexec:/Users/thomas/.rbenv/plugins/ruby-build/bin:/Users/thomas/.rbenv/plugins/rbenv-whatis/bin:/Users/thomas/.rbenv/plugins/rbenv-vars/bin:/Users/thomas/.rbenv/plugins/rbenv-use/bin:/Users/thomas/.rbenv/plugins/rbenv-update/bin:/Users/thomas/.rbenv/plugins/rbenv-installer/bin:/Users/thomas/.rbenv/plugins/rbenv-bootstrap/bin\\nPG92PORT=5432\\nPGHOST=localhost\\nPGPASSWORD=thomas\\nPGPIDNAME=pid\\nPGPORT=5432\\nPGUSER=thomas\\nPOSTGRESSQL=/Library/PostgreSQL/9.4\\nPWD=/Users/thomas/Programming/CIDER-CI/executor/tmp/working-dir/286d517a-4c7e-4dd8-bcdc-d9fe3446b4f3\\nRBENV_SHELL=bash\\nSHELL=/opt/local/bin/bash\\nSHLVL=3\\nSSH_AUTH_SOCK=/private/tmp/com.apple.launchd.TxRChRs5xm/Listeners\\nSUDO_COMMAND=/opt/local/bin/bash -c /var/folders/g4/1lmzlj2d7_3_dydhw357hqw00000gn/T/cider-ci_313366849558563289.command_wrapper\\nSUDO_GID=20\\nSUDO_UID=501\\nSUDO_USER=thomas\\nTERM=screen-256color-bce\\nUSER=thomas\\nUSERNAME=thomas\\nXVNC_PORT=5921\\n_=/usr/bin/env\\n__CF_USER_TEXT_ENCODING=0x1F5:0x0:0x0\\n", "trial_id": "286d517a-4c7e-4dd8-bcdc-d9fe3446b4f3", "started_at": "2015-01-05T06:47:28.103Z", "exit_status": 0, "finished_at": "2015-01-05T06:47:28.524Z", "working_dir": "./tmp/working-dir/286d517a-4c7e-4dd8-bcdc-d9fe3446b4f3", "execution_id": "f925e0f5-3838-4178-a465-9bb12d516968", "environment_variables": {"cider_ci_task_id": "99fa5657-86a9-5ac4-9ac9-3b6603584eee", "cider_ci_trial_id": "286d517a-4c7e-4dd8-bcdc-d9fe3446b4f3", "cider_ci_execution_id": "f925e0f5-3838-4178-a465-9bb12d516968"}}}	\N
cdd2a04f-0495-42b4-b59b-f208285ab18c	0c92a059-f0c2-5c41-96fc-ee129fad1e11	b2fa66b2-40c2-456c-aebc-9af0a22d24ae	\N	passed	2015-01-05 07:47:29.189	2015-01-05 07:48:26.469	2015-01-05 07:47:27.484392	2015-01-05 07:48:26.480049	{"main": {"body": "./bin/sleeping-randomly-long", "name": "main", "error": null, "ports": {}, "state": "passed", "stderr": null, "stdout": "sleeping for 57 seconds\\n", "timeout": 40, "trial_id": "cdd2a04f-0495-42b4-b59b-f208285ab18c", "started_at": "2015-01-05T06:47:29.246Z", "exit_status": 0, "finished_at": "2015-01-05T06:48:26.466Z", "working_dir": "./tmp/working-dir/cdd2a04f-0495-42b4-b59b-f208285ab18c", "execution_id": "f925e0f5-3838-4178-a465-9bb12d516968", "environment_variables": {"the_answer": 42, "cider_ci_task_id": "0c92a059-f0c2-5c41-96fc-ee129fad1e11", "cider_ci_trial_id": "cdd2a04f-0495-42b4-b59b-f208285ab18c", "cider_ci_execution_id": "f925e0f5-3838-4178-a465-9bb12d516968"}}}	\N
b8ad672c-cb2b-4474-91e0-0a3f8292ffd2	21d6d936-50f6-508f-83bc-cf13e4a548d9	b2fa66b2-40c2-456c-aebc-9af0a22d24ae	\N	failed	2015-01-05 07:47:29.093	2015-01-05 07:48:29.482	2015-01-05 07:47:27.473749	2015-01-05 07:48:29.490867	{"main": {"body": "./bin/randomly-failing", "name": "main", "error": null, "ports": {}, "state": "failed", "stderr": null, "stdout": "exiting with 3\\n", "trial_id": "b8ad672c-cb2b-4474-91e0-0a3f8292ffd2", "started_at": "2015-01-05T06:47:29.138Z", "exit_status": 3, "finished_at": "2015-01-05T06:48:29.481Z", "working_dir": "./tmp/working-dir/b8ad672c-cb2b-4474-91e0-0a3f8292ffd2", "execution_id": "f925e0f5-3838-4178-a465-9bb12d516968", "environment_variables": {"the_answer": 42, "cider_ci_task_id": "21d6d936-50f6-508f-83bc-cf13e4a548d9", "cider_ci_trial_id": "b8ad672c-cb2b-4474-91e0-0a3f8292ffd2", "cider_ci_execution_id": "f925e0f5-3838-4178-a465-9bb12d516968"}}}	\N
04f81b0a-a389-4a7b-9650-26c32f8af985	f488f6f1-b9ad-5af2-aee7-8b43f79e775b	b2fa66b2-40c2-456c-aebc-9af0a22d24ae	\N	passed	2015-01-05 07:48:30.321	2015-01-05 07:51:30.613	2015-01-05 07:47:27.517043	2015-01-05 07:51:30.626813	{"main": {"body": "sleep 180 && exit 0", "name": "main", "error": null, "ports": {}, "state": "passed", "stderr": null, "stdout": null, "trial_id": "04f81b0a-a389-4a7b-9650-26c32f8af985", "started_at": "2015-01-05T06:48:30.374Z", "exit_status": 0, "finished_at": "2015-01-05T06:51:30.613Z", "working_dir": "./tmp/working-dir/04f81b0a-a389-4a7b-9650-26c32f8af985", "execution_id": "f925e0f5-3838-4178-a465-9bb12d516968", "environment_variables": {"the_answer": 42, "cider_ci_task_id": "f488f6f1-b9ad-5af2-aee7-8b43f79e775b", "cider_ci_trial_id": "04f81b0a-a389-4a7b-9650-26c32f8af985", "cider_ci_execution_id": "f925e0f5-3838-4178-a465-9bb12d516968"}}}	\N
\.


--
-- Data for Name: welcome_page_settings; Type: TABLE DATA; Schema: public; Owner: thomas
--

COPY welcome_page_settings (id, welcome_message, radiator_config, created_at, updated_at) FROM stdin;
0	# Welcome to the Cider-CI UI Tests	{"rows":[{"name":"Bash Demo Project","items":[{"repository_name":"Cider-CI Bash Demo Project","branch_name":"master","execution_name":"Tests"},{"repository_name":"Cider-CI Bash Demo Project","branch_name":"wip","execution_name":"Tests"},{"repository_name":"No repository","branch_name":"nix","execution_name":"No tests"}]}]}	2014-12-06 09:35:02.718048	2014-12-16 13:54:10.59728
\.


--
-- PostgreSQL database dump complete
--

