--
-- PostgreSQL database dump
--

SET statement_timeout = 0;
SET lock_timeout = 0;
SET client_encoding = 'UTF8';
SET standard_conforming_strings = on;
SET check_function_bodies = false;
SET client_min_messages = warning;

SET search_path = public, pg_catalog;

--
-- Data for Name: tags; Type: TABLE DATA; Schema: public; Owner: thomas
--

COPY tags (id, tag, created_at, updated_at) FROM stdin;
3cfdae0b-a4f1-491e-8a7e-f0df8f40b662	master	2014-12-06 09:52:18.937297	2014-12-06 09:52:18.937297
160cf532-e76a-4242-aaa2-98040ffc5597	wip	2014-12-06 09:52:18.965545	2014-12-06 09:52:18.965545
c141051d-fc3b-4a0f-8116-7724a6890278	cider-ci-bash-demo-project	2014-12-06 09:52:18.97635	2014-12-06 09:52:18.97635
e2fe8eeb-8e85-4ac4-9463-9ad296a50ddf	adam	2014-12-06 09:52:18.989208	2014-12-06 09:52:18.989208
\.


--
-- Data for Name: branch_update_triggers_tags; Type: TABLE DATA; Schema: public; Owner: thomas
--

COPY branch_update_triggers_tags (branch_update_trigger_id, tag_id) FROM stdin;
\.


--
-- Data for Name: commits; Type: TABLE DATA; Schema: public; Owner: thomas
--

COPY commits (id, tree_id, depth, author_name, author_email, author_date, committer_name, committer_email, committer_date, subject, body, created_at, updated_at) FROM stdin;
ca53680106c317051139bc12ff2a8e69b74d7f69	0d2f32b31baa40d99eff2fe91aadcf3dc0aaba93	4	Thomas Schank	DrTom@schank.ch	2014-10-16 22:42:14	Thomas Schank	DrTom@schank.ch	2014-10-31 22:29:34	Update for Cider-CI v2		2014-12-06 10:47:34.711002	2014-12-06 10:47:34.711002
784eeca579678b9fabef4d740561659a18bf9957	93f92758e79f3c6a89bed5cc55f0d3bf1dd2ae96	3	Thomas Schank	DrTom@schank.ch	2014-07-13 17:02:54	Thomas Schank	DrTom@schank.ch	2014-07-13 17:02:54	Create a task with an attachment, reference new cider-ci project page		2014-12-06 10:47:34.711002	2014-12-06 10:47:34.711002
e274a4e7b0d4acfbb508326b9bd96604d397e8b2	94c377d339b778045ebf535a65ff80dc21f52ac7	2	Thomas Schank	DrTom@schank.ch	2014-05-16 09:35:50	Thomas Schank	DrTom@schank.ch	2014-05-16 09:35:50	Add task which shows the declared functions by `declare -F`		2014-12-06 10:47:34.711002	2014-12-06 10:47:34.711002
55c34541b10d0c0675f850798cf85545588c9600	3b25f6c24f651d9ef514c7c283b5e4b3861f18a2	1	Thomas Schank	DrTom@schank.ch	2014-05-15 10:19:45	Thomas Schank	DrTom@schank.ch	2014-05-15 10:19:45	Release		2014-12-06 10:47:34.711002	2014-12-06 10:47:34.711002
17e3b7a85158d4abe698244b071ac4a4a1816eee	2fdbf4c7bdbae98c60c19d6441ed94359327309d	0	Thomas Schank	DrTom@schank.ch	2014-05-04 12:06:20	Thomas Schank	DrTom@schank.ch	2014-05-04 12:09:26	Initial commit		2014-12-06 10:47:34.711002	2014-12-06 10:47:34.711002
\.


--
-- Data for Name: repositories; Type: TABLE DATA; Schema: public; Owner: thomas
--

COPY repositories (id, origin_uri, name, importance, git_fetch_and_update_interval, git_update_interval, transient_properties_id, created_at, updated_at, public_view_permission) FROM stdin;
f182ec87-591a-58bc-b08e-7e83679a4b68	https://github.com/cider-ci/cider-ci_demo-project-bash.git	Cider-CI Bash Demo Project	0	60	\N	98f57ff0-b98b-4ccc-a519-563c8e0abe0d	2014-12-06 09:36:29.85513	2014-12-12 09:52:59.80968	f
\.


--
-- Data for Name: branches; Type: TABLE DATA; Schema: public; Owner: thomas
--

COPY branches (id, repository_id, name, current_commit_id, created_at, updated_at) FROM stdin;
a8392de4-abfc-458c-b324-251cc73f65e3	f182ec87-591a-58bc-b08e-7e83679a4b68	master	ca53680106c317051139bc12ff2a8e69b74d7f69	2014-12-06 10:47:34.711002	2014-12-06 10:47:34.711002
d844ae3d-36d7-478b-a9fb-a246c7d05828	f182ec87-591a-58bc-b08e-7e83679a4b68	wip	ca53680106c317051139bc12ff2a8e69b74d7f69	2014-12-06 10:47:34.711002	2014-12-06 10:47:34.711002
\.


--
-- Data for Name: branches_commits; Type: TABLE DATA; Schema: public; Owner: thomas
--

COPY branches_commits (branch_id, commit_id) FROM stdin;
a8392de4-abfc-458c-b324-251cc73f65e3	e274a4e7b0d4acfbb508326b9bd96604d397e8b2
a8392de4-abfc-458c-b324-251cc73f65e3	ca53680106c317051139bc12ff2a8e69b74d7f69
a8392de4-abfc-458c-b324-251cc73f65e3	55c34541b10d0c0675f850798cf85545588c9600
a8392de4-abfc-458c-b324-251cc73f65e3	17e3b7a85158d4abe698244b071ac4a4a1816eee
a8392de4-abfc-458c-b324-251cc73f65e3	784eeca579678b9fabef4d740561659a18bf9957
d844ae3d-36d7-478b-a9fb-a246c7d05828	784eeca579678b9fabef4d740561659a18bf9957
d844ae3d-36d7-478b-a9fb-a246c7d05828	17e3b7a85158d4abe698244b071ac4a4a1816eee
d844ae3d-36d7-478b-a9fb-a246c7d05828	55c34541b10d0c0675f850798cf85545588c9600
d844ae3d-36d7-478b-a9fb-a246c7d05828	ca53680106c317051139bc12ff2a8e69b74d7f69
d844ae3d-36d7-478b-a9fb-a246c7d05828	e274a4e7b0d4acfbb508326b9bd96604d397e8b2
\.


--
-- Data for Name: commit_arcs; Type: TABLE DATA; Schema: public; Owner: thomas
--

COPY commit_arcs (parent_id, child_id) FROM stdin;
784eeca579678b9fabef4d740561659a18bf9957	ca53680106c317051139bc12ff2a8e69b74d7f69
e274a4e7b0d4acfbb508326b9bd96604d397e8b2	784eeca579678b9fabef4d740561659a18bf9957
55c34541b10d0c0675f850798cf85545588c9600	e274a4e7b0d4acfbb508326b9bd96604d397e8b2
17e3b7a85158d4abe698244b071ac4a4a1816eee	55c34541b10d0c0675f850798cf85545588c9600
\.


--
-- Data for Name: definitions; Type: TABLE DATA; Schema: public; Owner: thomas
--

COPY definitions (name, description, specification_id, is_default) FROM stdin;
Tests	Loads the specification from the repository path 'cider-ci/test_spec.yml'.	e6337aa0-1f98-55d4-8fab-c9a77a26a8b1	t
Show info	Information about project, machine and os	af356abd-1cbe-5494-ba1e-8ac8967420f7	f
\.


--
-- Data for Name: users; Type: TABLE DATA; Schema: public; Owner: thomas
--

COPY users (id, password_digest, login, login_downcased, last_name, first_name, is_admin, created_at, updated_at) FROM stdin;
fbdf898e-938d-4880-9d05-b2879c0d3f8b	$2a$10$seXfpQPR7o3wQdtApXb6O.9B8R11kKcviJENmgycoeJQHqEEJxp1m	adam	adam	Admin	Adam	t	2014-12-06 09:51:56.139482	2014-12-06 09:51:56.139482
1a569437-402a-496d-a84a-4564e710e4c5	$2a$10$NQXQzqsYtSm4Tc1bPPhBpuWHvStAhy.iPkxcwdgGbJwceoc2mbI.2	normin	normin	Normalo	Normin	f	2014-12-16 12:51:23.215937	2014-12-16 12:51:23.215937
\.


--
-- Data for Name: email_addresses; Type: TABLE DATA; Schema: public; Owner: thomas
--

COPY email_addresses (user_id, email_address, searchable, "primary") FROM stdin;
\.


--
-- Data for Name: specifications; Type: TABLE DATA; Schema: public; Owner: thomas
--

COPY specifications (id, data) FROM stdin;
e6337aa0-1f98-55d4-8fab-c9a77a26a8b1	{"_cider-ci_include":"cider-ci/test_spec.yml"}
af356abd-1cbe-5494-ba1e-8ac8967420f7	{"name":"Show info","task_defaults":{"auto_trials":2,"eager_trials":1,"traits":{"linux":true}},"tasks":[{"name":"Hello","scripts":{"main":{"body":"echo 'Hello World!'"}}}],"subcontexts":[{"name":"Machine properties","tasks":[{"name":"Kernel","scripts":{"main":{"body":"uname -r"}}},{"name":"CPU","scripts":{"main":{"body":"cat /proc/cpuinfo"}}},{"name":"Memory","scripts":{"main":{"body":"cat /proc/meminfo"}}}]},{"name":"Operating System","tasks":[{"name":"LSB","scripts":{"main":{"body":"lsb_release -a"}}}]},{"name":"Project","tasks":[{"name":"List files","scripts":{"main":{"body":"ls -lah"}}},{"name":"Deep listing","scripts":{"main":{"body":"find . \\u003e list.txt"}},"attachments":{"file_list":{"glob":"list.txt","content-type":"text/plain"}}},{"name":"Git log","scripts":{"main":{"body":"git log -n 3"}}},{"name":"Git submodule status","scripts":{"main":{"body":"git submodule status"}}}]}]}
5711e1af-6f69-5f87-bd38-f2a53e62f37c	{"subcontexts":[{"name":"Show the environment","tasks":[{"name":"List top level project directory","scripts":{"main":{"body":"ls -lah"}}},{"name":"Show environment variables","scripts":{"main":{"body":"env | sort"}}},{"name":"Show functions","scripts":{"main":{"body":"declare -F | sort"}}},{"name":"Specify an port and list env and check","ports":{"xvnc_port":{"inet_address":"localhost","min":5900,"max":5999}},"scripts":{"main":{"body":"env | sort"}}}]},{"name":"Bash - Scripts","task_defaults":{"trial_attachments":{"logs":{"glob":"log/*.log","content-type":"text/plain"}},"tree_attachments":{"logs":{"glob":"log/*.log","content-type":"text/plain"}},"environment_variables":{"the_answer":42}},"tasks":[{"name":"Success with exactly p=1/7","eager_trials":3,"auto_trials":10,"scripts":{"main":{"body":"./bin/randomly-failing"}}},{"name":"Timeout for a randomly sleeping bash script","scripts":{"main":{"body":"./bin/sleeping-randomly-long","timeout":40}}},{"name":"Just sleeping a minute","scripts":{"main":{"body":"sleep 60 && exit 0"}}},{"name":"Just sleeping two minutes","scripts":{"main":{"body":"sleep 120 && exit 0"}}},{"name":"Just sleeping three minutes","scripts":{"main":{"body":"sleep 180 && exit 0"}}},{"name":"Create an log file to be attached","scripts":{"main":{"body":"mkdir -p log && echo '[INFO] Hello World!' > log/hello.log"}}}]}],"task_defaults":{"eager_trials":1,"auto_trials":2,"traits":{"linux":true}},"name":"Bash test demonstration for Cider-CI"}
\.


--
-- Data for Name: executions; Type: TABLE DATA; Schema: public; Owner: thomas
--

COPY executions (id, state, tree_id, name, priority, created_at, updated_at, specification_id, expanded_specification_id) FROM stdin;
69eedfdb-f4f9-4b6e-b8df-a023df912412	passed	0d2f32b31baa40d99eff2fe91aadcf3dc0aaba93	Tests	5	2014-12-06 09:52:18.879464	2014-12-12 20:38:36.417673	e6337aa0-1f98-55d4-8fab-c9a77a26a8b1	5711e1af-6f69-5f87-bd38-f2a53e62f37c
\.


--
-- Data for Name: execution_issues; Type: TABLE DATA; Schema: public; Owner: thomas
--

COPY execution_issues (id, description, stacktrace, type, execution_id, created_at, updated_at) FROM stdin;
\.


--
-- Data for Name: executions_tags; Type: TABLE DATA; Schema: public; Owner: thomas
--

COPY executions_tags (execution_id, tag_id) FROM stdin;
69eedfdb-f4f9-4b6e-b8df-a023df912412	3cfdae0b-a4f1-491e-8a7e-f0df8f40b662
69eedfdb-f4f9-4b6e-b8df-a023df912412	160cf532-e76a-4242-aaa2-98040ffc5597
69eedfdb-f4f9-4b6e-b8df-a023df912412	c141051d-fc3b-4a0f-8116-7724a6890278
69eedfdb-f4f9-4b6e-b8df-a023df912412	e2fe8eeb-8e85-4ac4-9463-9ad296a50ddf
\.


--
-- Data for Name: executors; Type: TABLE DATA; Schema: public; Owner: thomas
--

COPY executors (id, name, host, port, ssl, server_overwrite, server_ssl, server_host, server_port, max_load, enabled, app, app_version, traits, last_ping_at, created_at, updated_at) FROM stdin;
b2fa66b2-40c2-456c-aebc-9af0a22d24ae	Localhost	127.0.0.1	8443	t	f	t	192.168.0.1	8080	4	t	\N	\N	{chrome,firefox,imagemagick,jdk,lein,libimage-exiftool-perl,linux,mysql,nodejs,pg93,phantomjs,rbenv,ruby}	2014-12-13 09:55:23.694118	2014-12-06 09:36:29.839606	2014-12-13 09:55:23.694118
\.


--
-- Data for Name: task_specs; Type: TABLE DATA; Schema: public; Owner: thomas
--

COPY task_specs (id, data) FROM stdin;
673e5dba-c66c-5636-bf1c-058ff61abdd9	{"scripts":{"main":{"body":"ls -lah"}},"name":"Bash test demonstration for Cider-CI » Show the environment » List top level project directory","eager_trials":1,"auto_trials":2,"traits":{"linux":true}}
0f462743-d2e1-5e79-a8a3-f348a42b3d70	{"scripts":{"main":{"body":"env | sort"}},"name":"Bash test demonstration for Cider-CI » Show the environment » Show environment variables","eager_trials":1,"auto_trials":2,"traits":{"linux":true}}
7b25a5fd-fb63-5ac7-bfa4-874e075fad3a	{"scripts":{"main":{"body":"declare -F | sort"}},"name":"Bash test demonstration for Cider-CI » Show the environment » Show functions","eager_trials":1,"auto_trials":2,"traits":{"linux":true}}
b106a2d0-253e-5fe9-9228-b89c611b0719	{"scripts":{"main":{"body":"env | sort"}},"ports":{"xvnc_port":{"inet_address":"localhost","min":5900,"max":5999}},"name":"Bash test demonstration for Cider-CI » Show the environment » Specify an port and list env and check","eager_trials":1,"auto_trials":2,"traits":{"linux":true}}
72a561ae-3fa6-5ce1-97ad-dbfde2881bc9	{"tree_attachments":{"logs":{"glob":"log/*.log","content-type":"text/plain"}},"name":"Bash test demonstration for Cider-CI » Bash - Scripts » Success with exactly p=1/7","scripts":{"main":{"body":"./bin/randomly-failing"}},"eager_trials":3,"auto_trials":10,"trial_attachments":{"logs":{"glob":"log/*.log","content-type":"text/plain"}},"environment_variables":{"the_answer":42},"traits":{"linux":true}}
1ed5f55d-d6c3-50ea-beff-bb89cc6dc39c	{"tree_attachments":{"logs":{"glob":"log/*.log","content-type":"text/plain"}},"name":"Bash test demonstration for Cider-CI » Bash - Scripts » Timeout for a randomly sleeping bash script","scripts":{"main":{"timeout":40,"body":"./bin/sleeping-randomly-long"}},"eager_trials":1,"auto_trials":2,"trial_attachments":{"logs":{"glob":"log/*.log","content-type":"text/plain"}},"environment_variables":{"the_answer":42},"traits":{"linux":true}}
1c21d687-870f-5947-8a0d-5fc00ce0c68b	{"tree_attachments":{"logs":{"glob":"log/*.log","content-type":"text/plain"}},"name":"Bash test demonstration for Cider-CI » Bash - Scripts » Just sleeping a minute","scripts":{"main":{"body":"sleep 60 && exit 0"}},"eager_trials":1,"auto_trials":2,"trial_attachments":{"logs":{"glob":"log/*.log","content-type":"text/plain"}},"environment_variables":{"the_answer":42},"traits":{"linux":true}}
d05f829e-b376-57fe-900a-a0e0aae0881d	{"tree_attachments":{"logs":{"glob":"log/*.log","content-type":"text/plain"}},"name":"Bash test demonstration for Cider-CI » Bash - Scripts » Just sleeping two minutes","scripts":{"main":{"body":"sleep 120 && exit 0"}},"eager_trials":1,"auto_trials":2,"trial_attachments":{"logs":{"glob":"log/*.log","content-type":"text/plain"}},"environment_variables":{"the_answer":42},"traits":{"linux":true}}
553eb421-7ae0-50f7-a096-b854d42cbd1e	{"tree_attachments":{"logs":{"glob":"log/*.log","content-type":"text/plain"}},"name":"Bash test demonstration for Cider-CI » Bash - Scripts » Just sleeping three minutes","scripts":{"main":{"body":"sleep 180 && exit 0"}},"eager_trials":1,"auto_trials":2,"trial_attachments":{"logs":{"glob":"log/*.log","content-type":"text/plain"}},"environment_variables":{"the_answer":42},"traits":{"linux":true}}
ce6b62bd-09be-5174-94c9-0016444850c6	{"tree_attachments":{"logs":{"glob":"log/*.log","content-type":"text/plain"}},"name":"Bash test demonstration for Cider-CI » Bash - Scripts » Create an log file to be attached","scripts":{"main":{"body":"mkdir -p log && echo '[INFO] Hello World!' > log/hello.log"}},"eager_trials":1,"auto_trials":2,"trial_attachments":{"logs":{"glob":"log/*.log","content-type":"text/plain"}},"environment_variables":{"the_answer":42},"traits":{"linux":true}}
\.


--
-- Data for Name: tasks; Type: TABLE DATA; Schema: public; Owner: thomas
--

COPY tasks (id, execution_id, state, priority, traits, name, error, created_at, updated_at, task_spec_id) FROM stdin;
c85afc83-2ca0-5926-b8a2-45bff2fb3dc7	69eedfdb-f4f9-4b6e-b8df-a023df912412	passed	5	{linux}	Bash test demonstration for Cider-CI » Show the environment » List top level project directory		2014-12-06 10:52:19.174654	2014-12-06 10:52:20.694355	673e5dba-c66c-5636-bf1c-058ff61abdd9
689096ba-f256-58ce-808c-ca26fc6c2ddb	69eedfdb-f4f9-4b6e-b8df-a023df912412	passed	5	{linux}	Bash test demonstration for Cider-CI » Show the environment » Show functions		2014-12-06 10:52:19.220784	2014-12-06 10:52:20.694404	7b25a5fd-fb63-5ac7-bfa4-874e075fad3a
e7494560-b11b-5899-bd9d-418a23dbea78	69eedfdb-f4f9-4b6e-b8df-a023df912412	passed	5	{linux}	Bash test demonstration for Cider-CI » Show the environment » Show environment variables		2014-12-06 10:52:19.199133	2014-12-06 10:52:20.781636	0f462743-d2e1-5e79-a8a3-f348a42b3d70
ce13cf0a-5293-5daf-a6f6-33894451b070	69eedfdb-f4f9-4b6e-b8df-a023df912412	passed	5	{linux}	Bash test demonstration for Cider-CI » Show the environment » Specify an port and list env and check		2014-12-06 10:52:19.232664	2014-12-06 10:52:21.629225	b106a2d0-253e-5fe9-9228-b89c611b0719
6c54b864-ffa9-5fe9-9735-de05e6cb6959	69eedfdb-f4f9-4b6e-b8df-a023df912412	passed	5	{linux}	Bash test demonstration for Cider-CI » Bash - Scripts » Timeout for a randomly sleeping bash script		2014-12-06 10:52:19.250298	2014-12-06 10:52:56.626012	1ed5f55d-d6c3-50ea-beff-bb89cc6dc39c
0ccc6e27-d4bd-5580-9dd6-4cfe30ffc879	69eedfdb-f4f9-4b6e-b8df-a023df912412	passed	5	{linux}	Bash test demonstration for Cider-CI » Bash - Scripts » Success with exactly p=1/7		2014-12-06 10:52:19.241133	2014-12-06 10:53:21.581841	72a561ae-3fa6-5ce1-97ad-dbfde2881bc9
7f2388f6-cf10-5182-ba10-a7b0fe30189f	69eedfdb-f4f9-4b6e-b8df-a023df912412	passed	5	{linux}	Bash test demonstration for Cider-CI » Bash - Scripts » Create an log file to be attached		2014-12-06 10:52:19.291228	2014-12-06 10:53:23.32963	ce6b62bd-09be-5174-94c9-0016444850c6
4b826386-e3f7-5b6a-8276-8e31d6e2e798	69eedfdb-f4f9-4b6e-b8df-a023df912412	passed	5	{linux}	Bash test demonstration for Cider-CI » Bash - Scripts » Just sleeping two minutes		2014-12-06 10:52:19.267371	2014-12-06 10:54:59.07872	d05f829e-b376-57fe-900a-a0e0aae0881d
8a23efaa-6116-52ad-bc62-d28f1d90858a	69eedfdb-f4f9-4b6e-b8df-a023df912412	passed	5	{linux}	Bash test demonstration for Cider-CI » Bash - Scripts » Just sleeping three minutes		2014-12-06 10:52:19.277374	2014-12-06 10:56:22.260814	553eb421-7ae0-50f7-a096-b854d42cbd1e
b35642d9-b465-535b-b840-3160028f6884	69eedfdb-f4f9-4b6e-b8df-a023df912412	passed	5	{linux}	Bash test demonstration for Cider-CI » Bash - Scripts » Just sleeping a minute		2014-12-06 10:52:19.257617	2014-12-06 12:45:13.766218	1c21d687-870f-5947-8a0d-5fc00ce0c68b
\.


--
-- Data for Name: timeout_settings; Type: TABLE DATA; Schema: public; Owner: thomas
--

COPY timeout_settings (id, trial_dispatch_timeout_minutes, trial_end_state_timeout_minutes, trial_execution_timeout_minutes, created_at, updated_at, trial_scripts_retention_time_days) FROM stdin;
\.


--
-- Data for Name: tree_attachments; Type: TABLE DATA; Schema: public; Owner: thomas
--

COPY tree_attachments (id, path, content_length, content_type, to_be_retained_before, created_at, updated_at) FROM stdin;
6fd6cffb-88b6-4a64-80cc-ab0bf26e7cc9	/0d2f32b31baa40d99eff2fe91aadcf3dc0aaba93/log/hello.log	20	text/plain	\N	2014-12-13 09:07:37.383728	2014-12-13 09:07:37.383728
\.


--
-- Data for Name: trial_attachments; Type: TABLE DATA; Schema: public; Owner: thomas
--

COPY trial_attachments (id, path, content_length, content_type, to_be_retained_before, created_at, updated_at) FROM stdin;
3501418b-aab5-4799-976e-fd5028f69826	/d75f6f4a-9008-4b47-be76-e697e08167db/log/hello.log	20	text/plain	\N	2014-12-13 09:07:37.362472	2014-12-13 09:07:37.362472
\.


--
-- Data for Name: trials; Type: TABLE DATA; Schema: public; Owner: thomas
--

COPY trials (id, task_id, executor_id, error, state, started_at, finished_at, created_at, updated_at, scripts) FROM stdin;
cdc2040c-78f0-461d-bee4-50657d966b28	ce13cf0a-5293-5daf-a6f6-33894451b070	b2fa66b2-40c2-456c-aebc-9af0a22d24ae	\N	failed	2014-12-06 10:52:20.29	2014-12-06 10:52:20.502	2014-12-06 10:52:19.384967	2014-12-06 10:52:20.664202	{"main":{"execution_id":"69eedfdb-f4f9-4b6e-b8df-a023df912412","finished_at":"2014-12-06T09:52:20.501Z","trial_id":"cdc2040c-78f0-461d-bee4-50657d966b28","started_at":"2014-12-06T09:52:20.484Z","name":"main","state":"failed","exit_status":127,"working_dir":".\\/tmp\\/working-dir\\/cdc2040c-78f0-461d-bee4-50657d966b28","ports":{"xvnc_port":5963},"error":null,"environment_variables":{"cider_ci_trial_id":"cdc2040c-78f0-461d-bee4-50657d966b28","cider_ci_task_id":"ce13cf0a-5293-5daf-a6f6-33894451b070","cider_ci_execution_id":"69eedfdb-f4f9-4b6e-b8df-a023df912412"},"stderr":"sudo: unable to execute \\/opt\\/local\\/bin\\/bash: Bad address\\n","body":"env | sort","stdout":null}}
e8b6be4c-1f4a-4372-a902-2b51f04f2c01	689096ba-f256-58ce-808c-ca26fc6c2ddb	b2fa66b2-40c2-456c-aebc-9af0a22d24ae	\N	passed	2014-12-06 10:52:20.268	2014-12-06 10:52:20.669	2014-12-06 10:52:19.388338	2014-12-06 10:52:20.678446	{"main":{"execution_id":"69eedfdb-f4f9-4b6e-b8df-a023df912412","finished_at":"2014-12-06T09:52:20.669Z","trial_id":"e8b6be4c-1f4a-4372-a902-2b51f04f2c01","started_at":"2014-12-06T09:52:20.471Z","name":"main","state":"passed","exit_status":0,"working_dir":".\\/tmp\\/working-dir\\/e8b6be4c-1f4a-4372-a902-2b51f04f2c01","ports":{},"error":null,"environment_variables":{"cider_ci_trial_id":"e8b6be4c-1f4a-4372-a902-2b51f04f2c01","cider_ci_task_id":"689096ba-f256-58ce-808c-ca26fc6c2ddb","cider_ci_execution_id":"69eedfdb-f4f9-4b6e-b8df-a023df912412"},"stderr":null,"body":"declare -F | sort","stdout":null}}
a51b3a27-532e-4078-a741-307dbf62c36a	c85afc83-2ca0-5926-b8a2-45bff2fb3dc7	b2fa66b2-40c2-456c-aebc-9af0a22d24ae	\N	passed	2014-12-06 10:52:20.216	2014-12-06 10:52:20.673	2014-12-06 10:52:19.398149	2014-12-06 10:52:20.68157	{"main":{"execution_id":"69eedfdb-f4f9-4b6e-b8df-a023df912412","finished_at":"2014-12-06T09:52:20.673Z","trial_id":"a51b3a27-532e-4078-a741-307dbf62c36a","started_at":"2014-12-06T09:52:20.509Z","name":"main","state":"passed","exit_status":0,"working_dir":".\\/tmp\\/working-dir\\/a51b3a27-532e-4078-a741-307dbf62c36a","ports":{},"error":null,"environment_variables":{"cider_ci_trial_id":"a51b3a27-532e-4078-a741-307dbf62c36a","cider_ci_task_id":"c85afc83-2ca0-5926-b8a2-45bff2fb3dc7","cider_ci_execution_id":"69eedfdb-f4f9-4b6e-b8df-a023df912412"},"stderr":null,"body":"ls -lah","stdout":"total 8\\ndrwxr-xr-x+   6 thomas  staff   204B  6 Dez 10:52 .\\ndrwxr-xr-x+ 962 thomas  staff    32K  6 Dez 10:52 ..\\ndrwxr-xr-x+  12 thomas  staff   408B  6 Dez 10:52 .git\\n-rw-r--r--+   1 thomas  staff   542B  6 Dez 10:52 README.mkd\\ndrwxr-xr-x+   4 thomas  staff   136B  6 Dez 10:52 bin\\ndrwxr-xr-x+   3 thomas  staff   102B  6 Dez 10:52 cider-ci\\n"}}
68fb44dd-1fb8-4107-a887-eb24cdefc972	e7494560-b11b-5899-bd9d-418a23dbea78	b2fa66b2-40c2-456c-aebc-9af0a22d24ae	\N	passed	2014-12-06 10:52:20.244	2014-12-06 10:52:20.762	2014-12-06 10:52:19.39167	2014-12-06 10:52:20.769737	{"main":{"execution_id":"69eedfdb-f4f9-4b6e-b8df-a023df912412","finished_at":"2014-12-06T09:52:20.762Z","trial_id":"68fb44dd-1fb8-4107-a887-eb24cdefc972","started_at":"2014-12-06T09:52:20.509Z","name":"main","state":"passed","exit_status":0,"working_dir":".\\/tmp\\/working-dir\\/68fb44dd-1fb8-4107-a887-eb24cdefc972","ports":{},"error":null,"environment_variables":{"cider_ci_trial_id":"68fb44dd-1fb8-4107-a887-eb24cdefc972","cider_ci_task_id":"e7494560-b11b-5899-bd9d-418a23dbea78","cider_ci_execution_id":"69eedfdb-f4f9-4b6e-b8df-a023df912412"},"stderr":null,"body":"env | sort","stdout":"CIDER_CI_EXECUTION_ID=69eedfdb-f4f9-4b6e-b8df-a023df912412\\nCIDER_CI_TASK_ID=e7494560-b11b-5899-bd9d-418a23dbea78\\nCIDER_CI_TRIAL_ID=68fb44dd-1fb8-4107-a887-eb24cdefc972\\nCIDER_CI_WORKING_DIR=cider_ci.ex.exec$working_dir@68a80a3\\nCLICOLOR=1\\nCOLORFGBG=11;15\\nDISPLAY=\\/tmp\\/launch-LXa8zu\\/org.macosforge.xquartz:0\\nDYLD_LIBRARY_PATH=\\/usr\\/local\\/mysql\\/lib:\\nEDITOR=vim\\nHOME=\\/Users\\/thomas\\nJAVA_OPTS=-client\\nLANG=en_US.UTF-8\\nLC_DATE=de_DE.UTF-8\\nLC_TIME=de_DE.UTF-8\\nLOGNAME=thomas\\nMAIL=\\/var\\/mail\\/thomas\\nMYSQL=\\/usr\\/local\\/mysql\\nNODE_HOME=\\/Users\\/thomas\\/Library\\/nodejs\\nNODE_PATH=\\/Users\\/thomas\\/Library\\/nodejs\\/lib\\/node_modules\\nPATH=\\/Users\\/thomas\\/.rbenv\\/shims:\\/Users\\/thomas\\/.rbenv\\/bin:\\/Users\\/thomas\\/.rbenv\\/shims:\\/opt\\/local\\/bin:\\/opt\\/local\\/sbin:\\/Users\\/thomas\\/Library\\/nodejs\\/bin:\\/usr\\/local\\/mysql\\/bin:\\/Library\\/PostgreSQL\\/9.3\\/bin:\\/Users\\/thomas\\/Library\\/Haskell\\/bin:\\/Users\\/thomas\\/bin:\\/usr\\/bin:\\/bin:\\/usr\\/sbin:\\/sbin:\\/usr\\/local\\/bin:\\/opt\\/X11\\/bin:\\/usr\\/local\\/MacGPG2\\/bin:\\/usr\\/texbin:\\/Users\\/thomas\\/.rbenv\\/shims:\\/Users\\/thomas\\/.rbenv\\/bin:\\/opt\\/local\\/bin:\\/opt\\/local\\/sbin:\\/Users\\/thomas\\/Library\\/nodejs\\/bin:\\/usr\\/local\\/mysql\\/bin:\\/Library\\/PostgreSQL\\/9.3\\/bin:\\/Users\\/thomas\\/Library\\/Haskell\\/bin:\\/Users\\/thomas\\/bin:\\/Users\\/thomas\\/.rbenv\\/versions\\/2.1.2\\/bin:\\/Users\\/thomas\\/.rbenv\\/libexec:\\/Users\\/thomas\\/.rbenv\\/plugins\\/ruby-build\\/bin:\\/Users\\/thomas\\/.rbenv\\/plugins\\/rbenv-whatis\\/bin:\\/Users\\/thomas\\/.rbenv\\/plugins\\/rbenv-vars\\/bin:\\/Users\\/thomas\\/.rbenv\\/plugins\\/rbenv-use\\/bin:\\/Users\\/thomas\\/.rbenv\\/plugins\\/rbenv-update\\/bin:\\/Users\\/thomas\\/.rbenv\\/plugins\\/rbenv-installer\\/bin:\\/Users\\/thomas\\/.rbenv\\/plugins\\/rbenv-bootstrap\\/bin\\nPG92PORT=5432\\nPGHOST=localhost\\nPGPIDNAME=pid\\nPGPORT=5432\\nPGUSER=postgres\\nPOSTGRESSQL=\\/Library\\/PostgreSQL\\/9.3\\nPWD=\\/Users\\/thomas\\/Programming\\/CIDER-CI\\/executor\\/tmp\\/working-dir\\/68fb44dd-1fb8-4107-a887-eb24cdefc972\\nRBENV_SHELL=bash\\nSHELL=\\/opt\\/local\\/bin\\/bash\\nSHLVL=3\\nSSH_AUTH_SOCK=\\/tmp\\/launch-VS2QoG\\/Listeners\\nSUDO_COMMAND=\\/opt\\/local\\/bin\\/bash -c \\/var\\/folders\\/g4\\/1lmzlj2d7_3_dydhw357hqw00000gn\\/T\\/cider-ci_2644399718555618073.command_wrapper\\nSUDO_GID=20\\nSUDO_UID=501\\nSUDO_USER=thomas\\nTERM=screen-256color-bce\\nUSER=thomas\\nUSERNAME=thomas\\n_=\\/usr\\/bin\\/env\\n__CF_USER_TEXT_ENCODING=0x1F5:0:0\\n"}}
a3a93300-953a-41f4-b508-fc97a42f22a0	0ccc6e27-d4bd-5580-9dd6-4cfe30ffc879	b2fa66b2-40c2-456c-aebc-9af0a22d24ae	\N	failed	2014-12-06 10:52:21.35	2014-12-06 10:52:21.421	2014-12-06 10:52:19.381749	2014-12-06 10:52:21.44641	{"main":{"execution_id":"69eedfdb-f4f9-4b6e-b8df-a023df912412","finished_at":"2014-12-06T09:52:21.419Z","trial_id":"a3a93300-953a-41f4-b508-fc97a42f22a0","started_at":"2014-12-06T09:52:21.402Z","name":"main","state":"failed","exit_status":127,"working_dir":".\\/tmp\\/working-dir\\/a3a93300-953a-41f4-b508-fc97a42f22a0","ports":{},"error":null,"environment_variables":{"cider_ci_trial_id":"a3a93300-953a-41f4-b508-fc97a42f22a0","cider_ci_task_id":"0ccc6e27-d4bd-5580-9dd6-4cfe30ffc879","cider_ci_execution_id":"69eedfdb-f4f9-4b6e-b8df-a023df912412","the_answer":42},"stderr":"sudo: unable to execute \\/opt\\/local\\/bin\\/bash: Bad address\\n","body":".\\/bin\\/randomly-failing","stdout":null}}
92a11734-45fc-434d-83d0-1fa53dac2dc5	6c54b864-ffa9-5fe9-9735-de05e6cb6959	b2fa66b2-40c2-456c-aebc-9af0a22d24ae	\N	passed	2014-12-06 10:52:22.455	2014-12-06 10:52:56.616	2014-12-06 10:52:19.373845	2014-12-06 10:52:56.622343	{"main":{"execution_id":"69eedfdb-f4f9-4b6e-b8df-a023df912412","finished_at":"2014-12-06T09:52:56.616Z","trial_id":"92a11734-45fc-434d-83d0-1fa53dac2dc5","started_at":"2014-12-06T09:52:22.488Z","name":"main","state":"passed","exit_status":0,"working_dir":".\\/tmp\\/working-dir\\/92a11734-45fc-434d-83d0-1fa53dac2dc5","ports":{},"error":null,"timeout":40,"environment_variables":{"cider_ci_trial_id":"92a11734-45fc-434d-83d0-1fa53dac2dc5","cider_ci_task_id":"6c54b864-ffa9-5fe9-9735-de05e6cb6959","cider_ci_execution_id":"69eedfdb-f4f9-4b6e-b8df-a023df912412","the_answer":42},"stderr":null,"body":".\\/bin\\/sleeping-randomly-long","stdout":"sleeping for 34 seconds\\n"}}
d00ab683-bc8a-4549-8156-60307ab24e15	b35642d9-b465-535b-b840-3160028f6884	b2fa66b2-40c2-456c-aebc-9af0a22d24ae	\N	failed	2014-12-06 10:52:56.793	2014-12-06 10:52:56.835	2014-12-06 10:52:19.369949	2014-12-06 10:52:56.859488	{"main":{"execution_id":"69eedfdb-f4f9-4b6e-b8df-a023df912412","finished_at":"2014-12-06T09:52:56.835Z","trial_id":"d00ab683-bc8a-4549-8156-60307ab24e15","started_at":"2014-12-06T09:52:56.824Z","name":"main","state":"failed","exit_status":127,"working_dir":".\\/tmp\\/working-dir\\/d00ab683-bc8a-4549-8156-60307ab24e15","ports":{},"error":null,"environment_variables":{"cider_ci_trial_id":"d00ab683-bc8a-4549-8156-60307ab24e15","cider_ci_task_id":"b35642d9-b465-535b-b840-3160028f6884","cider_ci_execution_id":"69eedfdb-f4f9-4b6e-b8df-a023df912412","the_answer":42},"stderr":"sudo: unable to execute \\/opt\\/local\\/bin\\/bash: Bad address\\n","body":"sleep 60 && exit 0","stdout":null}}
e5523756-2232-406c-a4a6-ec47e467dc61	0ccc6e27-d4bd-5580-9dd6-4cfe30ffc879	b2fa66b2-40c2-456c-aebc-9af0a22d24ae	\N	failed	2014-12-06 10:52:22.439	2014-12-06 10:53:22.681	2014-12-06 10:52:21.455879	2014-12-06 10:53:22.686684	{"main":{"execution_id":"69eedfdb-f4f9-4b6e-b8df-a023df912412","finished_at":"2014-12-06T09:53:22.680Z","trial_id":"e5523756-2232-406c-a4a6-ec47e467dc61","started_at":"2014-12-06T09:52:22.474Z","name":"main","state":"failed","exit_status":4,"working_dir":".\\/tmp\\/working-dir\\/e5523756-2232-406c-a4a6-ec47e467dc61","ports":{},"error":null,"environment_variables":{"cider_ci_trial_id":"e5523756-2232-406c-a4a6-ec47e467dc61","cider_ci_task_id":"0ccc6e27-d4bd-5580-9dd6-4cfe30ffc879","cider_ci_execution_id":"69eedfdb-f4f9-4b6e-b8df-a023df912412","the_answer":42},"stderr":null,"body":".\\/bin\\/randomly-failing","stdout":"exiting with 4\\n"}}
34e59043-fec1-4746-a09b-fe16b4a44d81	ce13cf0a-5293-5daf-a6f6-33894451b070	b2fa66b2-40c2-456c-aebc-9af0a22d24ae	\N	passed	2014-12-06 10:52:21.332	2014-12-06 10:52:21.62	2014-12-06 10:52:20.673858	2014-12-06 10:52:21.625577	{"main":{"execution_id":"69eedfdb-f4f9-4b6e-b8df-a023df912412","finished_at":"2014-12-06T09:52:21.619Z","trial_id":"34e59043-fec1-4746-a09b-fe16b4a44d81","started_at":"2014-12-06T09:52:21.376Z","name":"main","state":"passed","exit_status":0,"working_dir":".\\/tmp\\/working-dir\\/34e59043-fec1-4746-a09b-fe16b4a44d81","ports":{"xvnc_port":5950},"error":null,"environment_variables":{"cider_ci_trial_id":"34e59043-fec1-4746-a09b-fe16b4a44d81","cider_ci_task_id":"ce13cf0a-5293-5daf-a6f6-33894451b070","cider_ci_execution_id":"69eedfdb-f4f9-4b6e-b8df-a023df912412"},"stderr":null,"body":"env | sort","stdout":"CIDER_CI_EXECUTION_ID=69eedfdb-f4f9-4b6e-b8df-a023df912412\\nCIDER_CI_TASK_ID=ce13cf0a-5293-5daf-a6f6-33894451b070\\nCIDER_CI_TRIAL_ID=34e59043-fec1-4746-a09b-fe16b4a44d81\\nCIDER_CI_WORKING_DIR=cider_ci.ex.exec$working_dir@68a80a3\\nCLICOLOR=1\\nCOLORFGBG=11;15\\nDISPLAY=\\/tmp\\/launch-LXa8zu\\/org.macosforge.xquartz:0\\nDYLD_LIBRARY_PATH=\\/usr\\/local\\/mysql\\/lib:\\nEDITOR=vim\\nHOME=\\/Users\\/thomas\\nJAVA_OPTS=-client\\nLANG=en_US.UTF-8\\nLC_DATE=de_DE.UTF-8\\nLC_TIME=de_DE.UTF-8\\nLOGNAME=thomas\\nMAIL=\\/var\\/mail\\/thomas\\nMYSQL=\\/usr\\/local\\/mysql\\nNODE_HOME=\\/Users\\/thomas\\/Library\\/nodejs\\nNODE_PATH=\\/Users\\/thomas\\/Library\\/nodejs\\/lib\\/node_modules\\nPATH=\\/Users\\/thomas\\/.rbenv\\/shims:\\/Users\\/thomas\\/.rbenv\\/bin:\\/Users\\/thomas\\/.rbenv\\/shims:\\/opt\\/local\\/bin:\\/opt\\/local\\/sbin:\\/Users\\/thomas\\/Library\\/nodejs\\/bin:\\/usr\\/local\\/mysql\\/bin:\\/Library\\/PostgreSQL\\/9.3\\/bin:\\/Users\\/thomas\\/Library\\/Haskell\\/bin:\\/Users\\/thomas\\/bin:\\/usr\\/bin:\\/bin:\\/usr\\/sbin:\\/sbin:\\/usr\\/local\\/bin:\\/opt\\/X11\\/bin:\\/usr\\/local\\/MacGPG2\\/bin:\\/usr\\/texbin:\\/Users\\/thomas\\/.rbenv\\/shims:\\/Users\\/thomas\\/.rbenv\\/bin:\\/opt\\/local\\/bin:\\/opt\\/local\\/sbin:\\/Users\\/thomas\\/Library\\/nodejs\\/bin:\\/usr\\/local\\/mysql\\/bin:\\/Library\\/PostgreSQL\\/9.3\\/bin:\\/Users\\/thomas\\/Library\\/Haskell\\/bin:\\/Users\\/thomas\\/bin:\\/Users\\/thomas\\/.rbenv\\/versions\\/2.1.2\\/bin:\\/Users\\/thomas\\/.rbenv\\/libexec:\\/Users\\/thomas\\/.rbenv\\/plugins\\/ruby-build\\/bin:\\/Users\\/thomas\\/.rbenv\\/plugins\\/rbenv-whatis\\/bin:\\/Users\\/thomas\\/.rbenv\\/plugins\\/rbenv-vars\\/bin:\\/Users\\/thomas\\/.rbenv\\/plugins\\/rbenv-use\\/bin:\\/Users\\/thomas\\/.rbenv\\/plugins\\/rbenv-update\\/bin:\\/Users\\/thomas\\/.rbenv\\/plugins\\/rbenv-installer\\/bin:\\/Users\\/thomas\\/.rbenv\\/plugins\\/rbenv-bootstrap\\/bin\\nPG92PORT=5432\\nPGHOST=localhost\\nPGPIDNAME=pid\\nPGPORT=5432\\nPGUSER=postgres\\nPOSTGRESSQL=\\/Library\\/PostgreSQL\\/9.3\\nPWD=\\/Users\\/thomas\\/Programming\\/CIDER-CI\\/executor\\/tmp\\/working-dir\\/34e59043-fec1-4746-a09b-fe16b4a44d81\\nRBENV_SHELL=bash\\nSHELL=\\/opt\\/local\\/bin\\/bash\\nSHLVL=3\\nSSH_AUTH_SOCK=\\/tmp\\/launch-VS2QoG\\/Listeners\\nSUDO_COMMAND=\\/opt\\/local\\/bin\\/bash -c \\/var\\/folders\\/g4\\/1lmzlj2d7_3_dydhw357hqw00000gn\\/T\\/cider-ci_4192358326609315528.command_wrapper\\nSUDO_GID=20\\nSUDO_UID=501\\nSUDO_USER=thomas\\nTERM=screen-256color-bce\\nUSER=thomas\\nUSERNAME=thomas\\nXVNC_PORT=5950\\n_=\\/usr\\/bin\\/env\\n__CF_USER_TEXT_ENCODING=0x1F5:0:0\\n"}}
750a8206-5482-4353-be2e-7e51d2ba9da1	b35642d9-b465-535b-b840-3160028f6884	b2fa66b2-40c2-456c-aebc-9af0a22d24ae	\N	failed	2014-12-06 10:52:57.817	2014-12-06 10:52:57.862	2014-12-06 10:52:56.862572	2014-12-06 10:52:57.880418	{"main":{"execution_id":"69eedfdb-f4f9-4b6e-b8df-a023df912412","finished_at":"2014-12-06T09:52:57.862Z","trial_id":"750a8206-5482-4353-be2e-7e51d2ba9da1","started_at":"2014-12-06T09:52:57.851Z","name":"main","state":"failed","exit_status":127,"working_dir":".\\/tmp\\/working-dir\\/750a8206-5482-4353-be2e-7e51d2ba9da1","ports":{},"error":null,"environment_variables":{"cider_ci_trial_id":"750a8206-5482-4353-be2e-7e51d2ba9da1","cider_ci_task_id":"b35642d9-b465-535b-b840-3160028f6884","cider_ci_execution_id":"69eedfdb-f4f9-4b6e-b8df-a023df912412","the_answer":42},"stderr":"sudo: unable to execute \\/opt\\/local\\/bin\\/bash: Bad address\\n","body":"sleep 60 && exit 0","stdout":null}}
7fb9d8aa-c721-49e5-9e33-0483154e6a1b	7f2388f6-cf10-5182-ba10-a7b0fe30189f	b2fa66b2-40c2-456c-aebc-9af0a22d24ae	\N	passed	2014-12-11 18:42:05.727	2014-12-11 18:42:06.147	2014-12-11 18:42:05.65298	2014-12-11 18:42:06.152103	{"main":{"execution_id":"69eedfdb-f4f9-4b6e-b8df-a023df912412","finished_at":"2014-12-11T17:42:06.125Z","trial_id":"7fb9d8aa-c721-49e5-9e33-0483154e6a1b","started_at":"2014-12-11T17:42:05.768Z","name":"main","state":"passed","exit_status":0,"working_dir":".\\/tmp\\/working-dir\\/7fb9d8aa-c721-49e5-9e33-0483154e6a1b","ports":{},"error":null,"environment_variables":{"cider_ci_trial_id":"7fb9d8aa-c721-49e5-9e33-0483154e6a1b","cider_ci_task_id":"7f2388f6-cf10-5182-ba10-a7b0fe30189f","cider_ci_execution_id":"69eedfdb-f4f9-4b6e-b8df-a023df912412","the_answer":42},"stderr":null,"body":"mkdir -p log && echo '[INFO] Hello World!' > log\\/hello.log","stdout":null}}
81df6960-e592-4796-bf1d-30f4d90565ee	7f2388f6-cf10-5182-ba10-a7b0fe30189f	b2fa66b2-40c2-456c-aebc-9af0a22d24ae	\N	failed	2014-12-13 09:07:32.959	2014-12-13 09:07:33.038	2014-12-13 09:07:32.835713	2014-12-13 09:07:33.06394	{"main":{"execution_id":"69eedfdb-f4f9-4b6e-b8df-a023df912412","finished_at":"2014-12-13T08:07:33.037Z","trial_id":"81df6960-e592-4796-bf1d-30f4d90565ee","started_at":"2014-12-13T08:07:33.016Z","name":"main","state":"failed","exit_status":127,"working_dir":".\\/tmp\\/working-dir\\/81df6960-e592-4796-bf1d-30f4d90565ee","ports":{},"error":null,"environment_variables":{"cider_ci_trial_id":"81df6960-e592-4796-bf1d-30f4d90565ee","cider_ci_task_id":"7f2388f6-cf10-5182-ba10-a7b0fe30189f","cider_ci_execution_id":"69eedfdb-f4f9-4b6e-b8df-a023df912412","the_answer":42},"stderr":"sudo: unable to execute \\/opt\\/local\\/bin\\/bash: Bad address\\n","body":"mkdir -p log && echo '[INFO] Hello World!' > log\\/hello.log","stdout":null}}
978091f1-5111-42d6-8278-8cdeadb753a1	7f2388f6-cf10-5182-ba10-a7b0fe30189f	b2fa66b2-40c2-456c-aebc-9af0a22d24ae	\N	failed	2014-12-13 09:07:34.981	2014-12-13 09:07:35.028	2014-12-13 09:07:34.735952	2014-12-13 09:07:35.03532	{"main":{"execution_id":"69eedfdb-f4f9-4b6e-b8df-a023df912412","finished_at":"2014-12-13T08:07:35.026Z","trial_id":"978091f1-5111-42d6-8278-8cdeadb753a1","started_at":"2014-12-13T08:07:35.013Z","name":"main","state":"failed","exit_status":127,"working_dir":".\\/tmp\\/working-dir\\/978091f1-5111-42d6-8278-8cdeadb753a1","ports":{},"error":null,"environment_variables":{"cider_ci_trial_id":"978091f1-5111-42d6-8278-8cdeadb753a1","cider_ci_task_id":"7f2388f6-cf10-5182-ba10-a7b0fe30189f","cider_ci_execution_id":"69eedfdb-f4f9-4b6e-b8df-a023df912412","the_answer":42},"stderr":"sudo: unable to execute \\/opt\\/local\\/bin\\/bash: Bad address\\n","body":"mkdir -p log && echo '[INFO] Hello World!' > log\\/hello.log","stdout":null}}
d75f6f4a-9008-4b47-be76-e697e08167db	7f2388f6-cf10-5182-ba10-a7b0fe30189f	b2fa66b2-40c2-456c-aebc-9af0a22d24ae	\N	passed	2014-12-13 09:07:37.001	2014-12-13 09:07:37.391	2014-12-13 09:07:36.655618	2014-12-13 09:07:37.396204	{"main":{"execution_id":"69eedfdb-f4f9-4b6e-b8df-a023df912412","finished_at":"2014-12-13T08:07:37.271Z","trial_id":"d75f6f4a-9008-4b47-be76-e697e08167db","started_at":"2014-12-13T08:07:37.035Z","name":"main","state":"passed","exit_status":0,"working_dir":".\\/tmp\\/working-dir\\/d75f6f4a-9008-4b47-be76-e697e08167db","ports":{},"error":null,"environment_variables":{"cider_ci_trial_id":"d75f6f4a-9008-4b47-be76-e697e08167db","cider_ci_task_id":"7f2388f6-cf10-5182-ba10-a7b0fe30189f","cider_ci_execution_id":"69eedfdb-f4f9-4b6e-b8df-a023df912412","the_answer":42},"stderr":null,"body":"mkdir -p log && echo '[INFO] Hello World!' > log\\/hello.log","stdout":null}}
5c1c9828-08b6-4f50-9662-fb16817945f5	0ccc6e27-d4bd-5580-9dd6-4cfe30ffc879	b2fa66b2-40c2-456c-aebc-9af0a22d24ae	\N	passed	2014-12-06 10:52:21.379	2014-12-06 10:53:21.571	2014-12-06 10:52:19.37963	2014-12-06 10:53:21.576869	{"main":{"execution_id":"69eedfdb-f4f9-4b6e-b8df-a023df912412","finished_at":"2014-12-06T09:53:21.570Z","trial_id":"5c1c9828-08b6-4f50-9662-fb16817945f5","started_at":"2014-12-06T09:52:21.433Z","name":"main","state":"passed","exit_status":0,"working_dir":".\\/tmp\\/working-dir\\/5c1c9828-08b6-4f50-9662-fb16817945f5","ports":{},"error":null,"environment_variables":{"cider_ci_trial_id":"5c1c9828-08b6-4f50-9662-fb16817945f5","cider_ci_task_id":"0ccc6e27-d4bd-5580-9dd6-4cfe30ffc879","cider_ci_execution_id":"69eedfdb-f4f9-4b6e-b8df-a023df912412","the_answer":42},"stderr":null,"body":".\\/bin\\/randomly-failing","stdout":"exiting with 0\\n"}}
372252a7-8795-4e0c-851e-a7e98ce3a88d	0ccc6e27-d4bd-5580-9dd6-4cfe30ffc879	b2fa66b2-40c2-456c-aebc-9af0a22d24ae	\N	passed	2014-12-06 10:52:21.408	2014-12-06 10:53:21.581	2014-12-06 10:52:19.377433	2014-12-06 10:53:21.587066	{"main":{"execution_id":"69eedfdb-f4f9-4b6e-b8df-a023df912412","finished_at":"2014-12-06T09:53:21.581Z","trial_id":"372252a7-8795-4e0c-851e-a7e98ce3a88d","started_at":"2014-12-06T09:52:21.452Z","name":"main","state":"passed","exit_status":0,"working_dir":".\\/tmp\\/working-dir\\/372252a7-8795-4e0c-851e-a7e98ce3a88d","ports":{},"error":null,"environment_variables":{"cider_ci_trial_id":"372252a7-8795-4e0c-851e-a7e98ce3a88d","cider_ci_task_id":"0ccc6e27-d4bd-5580-9dd6-4cfe30ffc879","cider_ci_execution_id":"69eedfdb-f4f9-4b6e-b8df-a023df912412","the_answer":42},"stderr":null,"body":".\\/bin\\/randomly-failing","stdout":"exiting with 0\\n"}}
8e588dd1-031c-40f6-8c39-b40b435544e5	7f2388f6-cf10-5182-ba10-a7b0fe30189f	b2fa66b2-40c2-456c-aebc-9af0a22d24ae	\N	failed	2014-12-06 10:53:22.029	2014-12-06 10:53:22.073	2014-12-06 10:52:19.328409	2014-12-06 10:53:22.101599	{"main":{"execution_id":"69eedfdb-f4f9-4b6e-b8df-a023df912412","finished_at":"2014-12-06T09:53:22.073Z","trial_id":"8e588dd1-031c-40f6-8c39-b40b435544e5","started_at":"2014-12-06T09:53:22.062Z","name":"main","state":"failed","exit_status":127,"working_dir":".\\/tmp\\/working-dir\\/8e588dd1-031c-40f6-8c39-b40b435544e5","ports":{},"error":null,"environment_variables":{"cider_ci_trial_id":"8e588dd1-031c-40f6-8c39-b40b435544e5","cider_ci_task_id":"7f2388f6-cf10-5182-ba10-a7b0fe30189f","cider_ci_execution_id":"69eedfdb-f4f9-4b6e-b8df-a023df912412","the_answer":42},"stderr":"sudo: unable to execute \\/opt\\/local\\/bin\\/bash: Bad address\\n","body":"mkdir -p log && echo '[INFO] Hello World!' > log\\/hello.log","stdout":null}}
c3e9226b-5f02-4eda-ae83-a2398252ab2a	7f2388f6-cf10-5182-ba10-a7b0fe30189f	b2fa66b2-40c2-456c-aebc-9af0a22d24ae	\N	passed	2014-12-06 10:53:23.046	2014-12-06 10:53:23.315	2014-12-06 10:53:22.104521	2014-12-06 10:53:23.320105	{"main":{"execution_id":"69eedfdb-f4f9-4b6e-b8df-a023df912412","finished_at":"2014-12-06T09:53:23.274Z","trial_id":"c3e9226b-5f02-4eda-ae83-a2398252ab2a","started_at":"2014-12-06T09:53:23.079Z","name":"main","state":"passed","exit_status":0,"working_dir":".\\/tmp\\/working-dir\\/c3e9226b-5f02-4eda-ae83-a2398252ab2a","ports":{},"error":null,"environment_variables":{"cider_ci_trial_id":"c3e9226b-5f02-4eda-ae83-a2398252ab2a","cider_ci_task_id":"7f2388f6-cf10-5182-ba10-a7b0fe30189f","cider_ci_execution_id":"69eedfdb-f4f9-4b6e-b8df-a023df912412","the_answer":42},"stderr":null,"body":"mkdir -p log && echo '[INFO] Hello World!' > log\\/hello.log","stdout":null}}
d2fba65b-4137-4beb-a1d2-d19eb8d47e7b	4b826386-e3f7-5b6a-8276-8e31d6e2e798	b2fa66b2-40c2-456c-aebc-9af0a22d24ae	\N	passed	2014-12-06 10:52:58.841	2014-12-06 10:54:59.067	2014-12-06 10:52:19.354711	2014-12-06 10:54:59.07474	{"main":{"execution_id":"69eedfdb-f4f9-4b6e-b8df-a023df912412","finished_at":"2014-12-06T09:54:59.067Z","trial_id":"d2fba65b-4137-4beb-a1d2-d19eb8d47e7b","started_at":"2014-12-06T09:52:58.874Z","name":"main","state":"passed","exit_status":0,"working_dir":".\\/tmp\\/working-dir\\/d2fba65b-4137-4beb-a1d2-d19eb8d47e7b","ports":{},"error":null,"environment_variables":{"cider_ci_trial_id":"d2fba65b-4137-4beb-a1d2-d19eb8d47e7b","cider_ci_task_id":"4b826386-e3f7-5b6a-8276-8e31d6e2e798","cider_ci_execution_id":"69eedfdb-f4f9-4b6e-b8df-a023df912412","the_answer":42},"stderr":null,"body":"sleep 120 && exit 0","stdout":null}}
1e62ce7b-73b8-4d90-8fea-ca5e3d52f7b5	8a23efaa-6116-52ad-bc62-d28f1d90858a	b2fa66b2-40c2-456c-aebc-9af0a22d24ae	\N	passed	2014-12-06 10:53:22.015	2014-12-06 10:56:22.25	2014-12-06 10:52:19.345058	2014-12-06 10:56:22.256372	{"main":{"execution_id":"69eedfdb-f4f9-4b6e-b8df-a023df912412","finished_at":"2014-12-06T09:56:22.250Z","trial_id":"1e62ce7b-73b8-4d90-8fea-ca5e3d52f7b5","started_at":"2014-12-06T09:53:22.051Z","name":"main","state":"passed","exit_status":0,"working_dir":".\\/tmp\\/working-dir\\/1e62ce7b-73b8-4d90-8fea-ca5e3d52f7b5","ports":{},"error":null,"environment_variables":{"cider_ci_trial_id":"1e62ce7b-73b8-4d90-8fea-ca5e3d52f7b5","cider_ci_task_id":"8a23efaa-6116-52ad-bc62-d28f1d90858a","cider_ci_execution_id":"69eedfdb-f4f9-4b6e-b8df-a023df912412","the_answer":42},"stderr":null,"body":"sleep 180 && exit 0","stdout":null}}
fde55470-834e-48f0-9eda-fb8bafbe1861	7f2388f6-cf10-5182-ba10-a7b0fe30189f	b2fa66b2-40c2-456c-aebc-9af0a22d24ae	\N	passed	2014-12-10 18:40:45.044	2014-12-10 18:40:45.75	2014-12-10 18:40:44.180224	2014-12-10 18:40:45.773327	{"main":{"execution_id":"69eedfdb-f4f9-4b6e-b8df-a023df912412","finished_at":"2014-12-10T17:40:45.513Z","trial_id":"fde55470-834e-48f0-9eda-fb8bafbe1861","started_at":"2014-12-10T17:40:45.142Z","name":"main","state":"passed","exit_status":0,"working_dir":".\\/tmp\\/working-dir\\/fde55470-834e-48f0-9eda-fb8bafbe1861","ports":{},"error":null,"environment_variables":{"cider_ci_trial_id":"fde55470-834e-48f0-9eda-fb8bafbe1861","cider_ci_task_id":"7f2388f6-cf10-5182-ba10-a7b0fe30189f","cider_ci_execution_id":"69eedfdb-f4f9-4b6e-b8df-a023df912412","the_answer":42},"stderr":null,"body":"mkdir -p log && echo '[INFO] Hello World!' > log\\/hello.log","stdout":null}}
dfdb5b71-dd7b-4dbe-ab72-8e522b62549b	b35642d9-b465-535b-b840-3160028f6884	b2fa66b2-40c2-456c-aebc-9af0a22d24ae	\N	passed	2014-12-06 12:44:13.398	2014-12-06 12:45:13.758	2014-12-06 12:44:12.453471	2014-12-06 12:45:13.762967	{"main":{"execution_id":"69eedfdb-f4f9-4b6e-b8df-a023df912412","finished_at":"2014-12-06T11:45:13.757Z","trial_id":"dfdb5b71-dd7b-4dbe-ab72-8e522b62549b","started_at":"2014-12-06T11:44:13.455Z","name":"main","state":"passed","exit_status":0,"working_dir":".\\/tmp\\/working-dir\\/dfdb5b71-dd7b-4dbe-ab72-8e522b62549b","ports":{},"error":null,"environment_variables":{"cider_ci_trial_id":"dfdb5b71-dd7b-4dbe-ab72-8e522b62549b","cider_ci_task_id":"b35642d9-b465-535b-b840-3160028f6884","cider_ci_execution_id":"69eedfdb-f4f9-4b6e-b8df-a023df912412","the_answer":42},"stderr":null,"body":"sleep 60 && exit 0","stdout":null}}
719615b5-2584-4c66-a461-8e6c0a69ead6	7f2388f6-cf10-5182-ba10-a7b0fe30189f	b2fa66b2-40c2-456c-aebc-9af0a22d24ae	\N	failed	2014-12-11 18:41:52.673	2014-12-11 18:41:52.756	2014-12-11 18:41:51.643285	2014-12-11 18:41:52.760645	{"main":{"execution_id":"69eedfdb-f4f9-4b6e-b8df-a023df912412","finished_at":"2014-12-11T17:41:52.756Z","trial_id":"719615b5-2584-4c66-a461-8e6c0a69ead6","started_at":"2014-12-11T17:41:52.732Z","name":"main","state":"failed","exit_status":127,"working_dir":".\\/tmp\\/working-dir\\/719615b5-2584-4c66-a461-8e6c0a69ead6","ports":{},"error":null,"environment_variables":{"cider_ci_trial_id":"719615b5-2584-4c66-a461-8e6c0a69ead6","cider_ci_task_id":"7f2388f6-cf10-5182-ba10-a7b0fe30189f","cider_ci_execution_id":"69eedfdb-f4f9-4b6e-b8df-a023df912412","the_answer":42},"stderr":"sudo: unable to execute \\/opt\\/local\\/bin\\/bash: Bad address\\n","body":"mkdir -p log && echo '[INFO] Hello World!' > log\\/hello.log","stdout":null}}
bb4f08a0-a6c2-43fa-b6c6-6d840cef7f60	7f2388f6-cf10-5182-ba10-a7b0fe30189f	b2fa66b2-40c2-456c-aebc-9af0a22d24ae	\N	failed	2014-12-11 18:42:03.706	2014-12-11 18:42:03.755	2014-12-11 18:42:03.223617	2014-12-11 18:42:03.765167	{"main":{"execution_id":"69eedfdb-f4f9-4b6e-b8df-a023df912412","finished_at":"2014-12-11T17:42:03.754Z","trial_id":"bb4f08a0-a6c2-43fa-b6c6-6d840cef7f60","started_at":"2014-12-11T17:42:03.742Z","name":"main","state":"failed","exit_status":127,"working_dir":".\\/tmp\\/working-dir\\/bb4f08a0-a6c2-43fa-b6c6-6d840cef7f60","ports":{},"error":null,"environment_variables":{"cider_ci_trial_id":"bb4f08a0-a6c2-43fa-b6c6-6d840cef7f60","cider_ci_task_id":"7f2388f6-cf10-5182-ba10-a7b0fe30189f","cider_ci_execution_id":"69eedfdb-f4f9-4b6e-b8df-a023df912412","the_answer":42},"stderr":"sudo: unable to execute \\/opt\\/local\\/bin\\/bash: Bad address\\n","body":"mkdir -p log && echo '[INFO] Hello World!' > log\\/hello.log","stdout":null}}
\.


--
-- Data for Name: welcome_page_settings; Type: TABLE DATA; Schema: public; Owner: thomas
--

COPY welcome_page_settings (id, welcome_message, radiator_config, created_at, updated_at) FROM stdin;
0	# Welcome to the Cider-CI UI Tests	{"rows":[{"name":"Bash Demo Project","items":[{"repository_name":"Cider-CI Bash Demo Project","branch_name":"master","execution_name":"Tests"},{"repository_name":"Cider-CI Bash Demo Project","branch_name":"wip","execution_name":"Tests"},{"repository_name":"No repository","branch_name":"nix","execution_name":"No tests"}]}]}	2014-12-06 09:35:02.718048	2014-12-16 13:54:10.59728
\.


--
-- PostgreSQL database dump complete
--

